/SHAPE/XShapeCombineMask	1	PASS
/SHAPE/XShapeCombineRectangles	1	PASS
/SHAPE/XShapeCombineRegion	1	PASS
/SHAPE/XShapeCombineShape	1	PASS
/SHAPE/XShapeGetRectangles	1	PASS
/SHAPE/XShapeInputSelected	1	PASS
/SHAPE/XShapeOffsetShape	1	PASS
/SHAPE/XShapeQueryExtension	1	PASS
/SHAPE/XShapeQueryExtents	1	PASS
/SHAPE/XShapeQueryVersion	1	PASS
/SHAPE/XShapeSelectInput	1	PASS
/XI/AllowDeviceEvents	1	PASS
/XI/AllowDeviceEvents	10	PASS
/XI/AllowDeviceEvents	11	FAIL
/XI/AllowDeviceEvents	12	UNRESOLVED
/XI/AllowDeviceEvents	13	PASS
/XI/AllowDeviceEvents	14	FAIL
/XI/AllowDeviceEvents	15	PASS
/XI/AllowDeviceEvents	16	PASS
/XI/AllowDeviceEvents	17	PASS
/XI/AllowDeviceEvents	18	PASS
/XI/AllowDeviceEvents	19	PASS
/XI/AllowDeviceEvents	2	PASS
/XI/AllowDeviceEvents	20	PASS
/XI/AllowDeviceEvents	21	PASS
/XI/AllowDeviceEvents	22	PASS
/XI/AllowDeviceEvents	3	PASS
/XI/AllowDeviceEvents	4	PASS
/XI/AllowDeviceEvents	5	PASS
/XI/AllowDeviceEvents	6	PASS
/XI/AllowDeviceEvents	7	PASS
/XI/AllowDeviceEvents	8	PASS
/XI/AllowDeviceEvents	9	PASS
/XI/ChangeDeviceControl	1	FAIL
/XI/ChangeDeviceControl	10	PASS
/XI/ChangeDeviceControl	2	FAIL
/XI/ChangeDeviceControl	3	UNTESTED
/XI/ChangeDeviceControl	4	PASS
/XI/ChangeDeviceControl	5	UNTESTED
/XI/ChangeDeviceControl	6	PASS
/XI/ChangeDeviceControl	7	PASS
/XI/ChangeDeviceControl	8	PASS
/XI/ChangeDeviceControl	9	PASS
/XI/ChangeDeviceKeyMapping	1	FAIL
/XI/ChangeDeviceKeyMapping	2	FAIL
/XI/ChangeDeviceKeyMapping	3	PASS
/XI/ChangeDeviceKeyMapping	4	PASS
/XI/ChangeDeviceKeyMapping	5	PASS
/XI/ChangeDeviceKeyMapping	6	PASS
/XI/ChangeDeviceKeyMapping	7	UNTESTED
/XI/ChangeFeedbackControl	1	FAIL
/XI/ChangeFeedbackControl	2	UNTESTED
/XI/ChangeFeedbackControl	3	UNTESTED
/XI/ChangeFeedbackControl	4	PASS
/XI/ChangeFeedbackControl	5	PASS
/XI/ChangeFeedbackControl	6	UNTESTED
/XI/ChangeFeedbackControl	7	UNTESTED
/XI/ChangeFeedbackControl	8	UNTESTED
/XI/ChangeKeyboardDevice	1	FAIL
/XI/ChangeKeyboardDevice	10	FAIL
/XI/ChangeKeyboardDevice	2	FAIL
/XI/ChangeKeyboardDevice	3	FAIL
/XI/ChangeKeyboardDevice	4	UNTESTED
/XI/ChangeKeyboardDevice	5	FAIL
/XI/ChangeKeyboardDevice	6	FAIL
/XI/ChangeKeyboardDevice	7	UNTESTED
/XI/ChangeKeyboardDevice	8	PASS
/XI/ChangeKeyboardDevice	9	FAIL
/XI/ChangePointerDevice	1	FAIL
/XI/ChangePointerDevice	10	FAIL
/XI/ChangePointerDevice	2	FAIL
/XI/ChangePointerDevice	3	FAIL
/XI/ChangePointerDevice	4	FAIL
/XI/ChangePointerDevice	5	UNTESTED
/XI/ChangePointerDevice	6	FAIL
/XI/ChangePointerDevice	7	PASS
/XI/ChangePointerDevice	8	FAIL
/XI/ChangePointerDevice	9	FAIL
/XI/CloseDevice	1	PASS
/XI/CloseDevice	2	PASS
/XI/CloseDevice	3	PASS
/XI/CloseDevice	4	UNRESOLVED
/XI/CloseDevice	5	UNRESOLVED
/XI/CloseDevice	6	UNTESTED
/XI/CloseDevice	7	PASS
/XI/DeviceBell	1	UNTESTED
/XI/DeviceBell	2	FAIL
/XI/DeviceBell	3	PASS
/XI/DeviceBell	4	PASS
/XI/DeviceBell	5	PASS
/XI/DeviceBell	6	PASS
/XI/GetDeviceButtonMapping	1	UNTESTED
/XI/GetDeviceButtonMapping	2	PASS
/XI/GetDeviceButtonMapping	3	PASS
/XI/GetDeviceButtonMapping	4	PASS
/XI/GetDeviceButtonMapping	5	PASS
/XI/GetDeviceMotionEvents	1	UNTESTED
/XI/GetDeviceMotionEvents	2	UNSUPPORTED
/XI/GetDeviceMotionEvents	3	PASS
/XI/GetDeviceMotionEvents	4	FAIL
/XI/GetDeviceMotionEvents	5	FAIL
/XI/GetDeviceMotionEvents	6	UNTESTED
/XI/GetDeviceMotionEvents	7	UNTESTED
/XI/GetDeviceMotionEvents	8	PASS
/XI/GetDeviceMotionEvents	9	PASS
/XI/GetExtensionVersion	1	PASS
/XI/GetExtensionVersion	2	PASS
/XI/GetFeedbackControl	1	UNTESTED
/XI/GetFeedbackControl	2	PASS
/XI/GetFeedbackControl	3	UNTESTED
/XI/GrabDevice	1	PASS
/XI/GrabDevice	10	PASS
/XI/GrabDevice	11	FAIL
/XI/GrabDevice	12	PASS
/XI/GrabDevice	13	PASS
/XI/GrabDevice	14	PASS
/XI/GrabDevice	15	PASS
/XI/GrabDevice	16	PASS
/XI/GrabDevice	17	PASS
/XI/GrabDevice	18	PASS
/XI/GrabDevice	2	PASS
/XI/GrabDevice	3	UNRESOLVED
/XI/GrabDevice	4	PASS
/XI/GrabDevice	5	PASS
/XI/GrabDevice	6	FAIL
/XI/GrabDevice	7	UNTESTED
/XI/GrabDevice	8	FAIL
/XI/GrabDevice	9	PASS
/XI/GrabDeviceButton	1	PASS
/XI/GrabDeviceButton	10	PASS
/XI/GrabDeviceButton	11	PASS
/XI/GrabDeviceButton	12	PASS
/XI/GrabDeviceButton	13	PASS
/XI/GrabDeviceButton	14	FAIL
/XI/GrabDeviceButton	15	FAIL
/XI/GrabDeviceButton	16	PASS
/XI/GrabDeviceButton	17	PASS
/XI/GrabDeviceButton	18	PASS
/XI/GrabDeviceButton	19	PASS
/XI/GrabDeviceButton	2	PASS
/XI/GrabDeviceButton	20	PASS
/XI/GrabDeviceButton	21	PASS
/XI/GrabDeviceButton	3	PASS
/XI/GrabDeviceButton	4	PASS
/XI/GrabDeviceButton	5	PASS
/XI/GrabDeviceButton	6	PASS
/XI/GrabDeviceButton	7	PASS
/XI/GrabDeviceButton	8	PASS
/XI/GrabDeviceButton	9	PASS
/XI/GrabDeviceKey	1	PASS
/XI/GrabDeviceKey	10	FAIL
/XI/GrabDeviceKey	11	PASS
/XI/GrabDeviceKey	12	PASS
/XI/GrabDeviceKey	13	PASS
/XI/GrabDeviceKey	14	PASS
/XI/GrabDeviceKey	15	PASS
/XI/GrabDeviceKey	16	PASS
/XI/GrabDeviceKey	17	PASS
/XI/GrabDeviceKey	18	PASS
/XI/GrabDeviceKey	19	PASS
/XI/GrabDeviceKey	2	PASS
/XI/GrabDeviceKey	20	PASS
/XI/GrabDeviceKey	21	PASS
/XI/GrabDeviceKey	3	PASS
/XI/GrabDeviceKey	4	PASS
/XI/GrabDeviceKey	5	PASS
/XI/GrabDeviceKey	6	PASS
/XI/GrabDeviceKey	7	UNRESOLVED
/XI/GrabDeviceKey	8	PASS
/XI/GrabDeviceKey	9	PASS
/XI/ListInputDevices	1	PASS
/XI/ListInputDevices	2	PASS
/XI/Miscellaneous	1	UNRESOLVED
/XI/Miscellaneous	2	UNRESOLVED
/XI/Miscellaneous	3	UNRESOLVED
/XI/Miscellaneous	4	UNRESOLVED
/XI/Miscellaneous	5	UNTESTED
/XI/Miscellaneous	6	UNTESTED
/XI/OpenDevice	1	PASS
/XI/OpenDevice	2	PASS
/XI/OpenDevice	3	PASS
/XI/OpenDevice	4	PASS
/XI/SendExtensionEvent	1	PASS
/XI/SendExtensionEvent	10	PASS
/XI/SendExtensionEvent	11	PASS
/XI/SendExtensionEvent	12	UNRESOLVED
/XI/SendExtensionEvent	13	PASS
/XI/SendExtensionEvent	14	PASS
/XI/SendExtensionEvent	15	NOTINUSE
/XI/SendExtensionEvent	16	PASS
/XI/SendExtensionEvent	17	PASS
/XI/SendExtensionEvent	18	PASS
/XI/SendExtensionEvent	19	PASS
/XI/SendExtensionEvent	2	PASS
/XI/SendExtensionEvent	20	PASS
/XI/SendExtensionEvent	3	UNRESOLVED
/XI/SendExtensionEvent	4	UNRESOLVED
/XI/SendExtensionEvent	5	NOTINUSE
/XI/SendExtensionEvent	6	PASS
/XI/SendExtensionEvent	7	PASS
/XI/SendExtensionEvent	8	PASS
/XI/SendExtensionEvent	9	UNRESOLVED
/XI/SetDeviceButtonMapping	1	PASS
/XI/SetDeviceButtonMapping	2	PASS
/XI/SetDeviceButtonMapping	3	PASS
/XI/SetDeviceButtonMapping	4	PASS
/XI/SetDeviceButtonMapping	5	PASS
/XI/SetDeviceButtonMapping	6	FAIL
/XI/SetDeviceButtonMapping	7	FAIL
/XI/SetDeviceButtonMapping	8	PASS
/XI/SetDeviceMode	1	UNTESTED
/XI/SetDeviceMode	2	UNTESTED
/XI/SetDeviceMode	3	UNTESTED
/XI/SetDeviceMode	4	UNTESTED
/XI/SetDeviceMode	5	PASS
/XI/SetDeviceMode	6	PASS
/XI/SetDeviceModifierMapping	1	FAIL
/XI/SetDeviceModifierMapping	2	FAIL
/XI/SetDeviceModifierMapping	3	NOTINUSE
/XI/SetDeviceModifierMapping	4	FAIL
/XI/SetDeviceModifierMapping	5	FAIL
/XI/SetDeviceModifierMapping	6	PASS
/XI/SetDeviceModifierMapping	7	UNTESTED
/XI/SetDeviceModifierMapping	8	PASS
/XI/SetDeviceModifierMapping	9	PASS
/XI/SetDeviceValuators	1	UNTESTED
/XI/SetDeviceValuators	2	UNTESTED
/XI/SetDeviceValuators	3	UNTESTED
/XI/SetDeviceValuators	4	UNTESTED
/XI/SetDeviceValuators	5	PASS
/XI/SetDeviceValuators	6	PASS
/XI/UngrabDeviceButton	1	FAIL
/XI/UngrabDeviceButton	10	PASS
/XI/UngrabDeviceButton	11	PASS
/XI/UngrabDeviceButton	2	UNRESOLVED
/XI/UngrabDeviceButton	3	FAIL
/XI/UngrabDeviceButton	4	FAIL
/XI/UngrabDeviceButton	5	PASS
/XI/UngrabDeviceButton	6	PASS
/XI/UngrabDeviceButton	7	PASS
/XI/UngrabDeviceButton	8	PASS
/XI/UngrabDeviceButton	9	PASS
/XI/UngrabDeviceKey	1	FAIL
/XI/UngrabDeviceKey	10	PASS
/XI/UngrabDeviceKey	11	PASS
/XI/UngrabDeviceKey	12	PASS
/XI/UngrabDeviceKey	2	PASS
/XI/UngrabDeviceKey	3	FAIL
/XI/UngrabDeviceKey	4	FAIL
/XI/UngrabDeviceKey	5	PASS
/XI/UngrabDeviceKey	6	PASS
/XI/UngrabDeviceKey	7	PASS
/XI/UngrabDeviceKey	8	PASS
/XI/UngrabDeviceKey	9	PASS
/XI/XChangeDeviceDontPropagateList	1	PASS
/XI/XChangeDeviceDontPropagateList	2	PASS
/XI/XChangeDeviceDontPropagateList	3	PASS
/XI/XChangeDeviceDontPropagateList	4	PASS
/XI/XChangeDeviceDontPropagateList	5	PASS
/XI/XChangeDeviceDontPropagateList	6	PASS
/XI/XChangeDeviceDontPropagateList	7	PASS
/XI/XGetDeviceControl	1	PASS
/XI/XGetDeviceControl	2	PASS
/XI/XGetDeviceControl	3	PASS
/XI/XGetDeviceControl	4	PASS
/XI/XGetDeviceDontPropagateList	1	PASS
/XI/XGetDeviceDontPropagateList	2	PASS
/XI/XGetDeviceFocus	1	PASS
/XI/XGetDeviceFocus	2	PASS
/XI/XGetDeviceKeyMapping	1	FAIL
/XI/XGetDeviceKeyMapping	10	PASS
/XI/XGetDeviceKeyMapping	2	NOTINUSE
/XI/XGetDeviceKeyMapping	3	PASS
/XI/XGetDeviceKeyMapping	4	NOTINUSE
/XI/XGetDeviceKeyMapping	5	PASS
/XI/XGetDeviceKeyMapping	6	PASS
/XI/XGetDeviceKeyMapping	7	PASS
/XI/XGetDeviceKeyMapping	8	PASS
/XI/XGetDeviceKeyMapping	9	PASS
/XI/XGetDeviceModifierMapping	1	PASS
/XI/XGetDeviceModifierMapping	2	PASS
/XI/XGetDeviceModifierMapping	3	PASS
/XI/XGetDeviceModifierMapping	4	PASS
/XI/XGetSelectedExtensionEvents	1	PASS
/XI/XGetSelectedExtensionEvents	2	PASS
/XI/XQueryDeviceState	1	FAIL
/XI/XQueryDeviceState	2	UNTESTED
/XI/XQueryDeviceState	3	UNTESTED
/XI/XQueryDeviceState	4	UNTESTED
/XI/XQueryDeviceState	5	UNTESTED
/XI/XQueryDeviceState	6	UNTESTED
/XI/XQueryDeviceState	7	UNTESTED
/XI/XQueryDeviceState	8	PASS
/XI/XSelectExtensionEvent	1	UNTESTED
/XI/XSelectExtensionEvent	10	UNRESOLVED
/XI/XSelectExtensionEvent	11	PASS
/XI/XSelectExtensionEvent	12	PASS
/XI/XSelectExtensionEvent	13	PASS
/XI/XSelectExtensionEvent	2	UNTESTED
/XI/XSelectExtensionEvent	3	PASS
/XI/XSelectExtensionEvent	4	FAIL
/XI/XSelectExtensionEvent	5	FAIL
/XI/XSelectExtensionEvent	6	FAIL
/XI/XSelectExtensionEvent	7	PASS
/XI/XSelectExtensionEvent	8	FAIL
/XI/XSelectExtensionEvent	9	UNRESOLVED
/XI/XSetDeviceFocus	1	PASS
/XI/XSetDeviceFocus	10	PASS
/XI/XSetDeviceFocus	11	PASS
/XI/XSetDeviceFocus	12	PASS
/XI/XSetDeviceFocus	13	PASS
/XI/XSetDeviceFocus	14	PASS
/XI/XSetDeviceFocus	15	PASS
/XI/XSetDeviceFocus	16	PASS
/XI/XSetDeviceFocus	17	PASS
/XI/XSetDeviceFocus	2	PASS
/XI/XSetDeviceFocus	3	PASS
/XI/XSetDeviceFocus	4	UNTESTED
/XI/XSetDeviceFocus	5	PASS
/XI/XSetDeviceFocus	6	PASS
/XI/XSetDeviceFocus	7	PASS
/XI/XSetDeviceFocus	8	PASS
/XI/XSetDeviceFocus	9	PASS
/XI/XUngrabDevice	1	PASS
/XI/XUngrabDevice	2	FAIL
/XI/XUngrabDevice	3	PASS
/XI/XUngrabDevice	4	PASS
/XIproto/AllowDeviceEvents	1	PASS
/XIproto/AllowDeviceEvents	2	PASS
/XIproto/AllowDeviceEvents	3	PASS
/XIproto/ChangeDeviceControl	1	FAIL
/XIproto/ChangeDeviceControl	2	PASS
/XIproto/ChangeDeviceControl	3	PASS
/XIproto/ChangeDeviceDontPropagateList	1	PASS
/XIproto/ChangeDeviceDontPropagateList	2	PASS
/XIproto/ChangeDeviceDontPropagateList	3	PASS
/XIproto/ChangeDeviceKeyMapping	1	PASS
/XIproto/ChangeDeviceKeyMapping	2	PASS
/XIproto/ChangeDeviceKeyMapping	3	PASS
/XIproto/ChangeFeedbackControl	1	PASS
/XIproto/ChangeFeedbackControl	2	PASS
/XIproto/ChangeFeedbackControl	3	PASS
/XIproto/ChangeKeyboardDevice	1	FAIL
/XIproto/ChangeKeyboardDevice	2	FAIL
/XIproto/ChangeKeyboardDevice	3	PASS
/XIproto/ChangeKeyboardDevice	4	PASS
/XIproto/ChangePointerDevice	1	FAIL
/XIproto/ChangePointerDevice	2	FAIL
/XIproto/ChangePointerDevice	3	PASS
/XIproto/ChangePointerDevice	4	PASS
/XIproto/CloseDevice	1	PASS
/XIproto/CloseDevice	2	PASS
/XIproto/CloseDevice	3	PASS
/XIproto/DeviceBell	1	FAIL
/XIproto/DeviceBell	2	PASS
/XIproto/DeviceBell	3	PASS
/XIproto/GetDeviceButtonMapping	1	PASS
/XIproto/GetDeviceButtonMapping	2	PASS
/XIproto/GetDeviceButtonMapping	3	PASS
/XIproto/GetDeviceControl	1	PASS
/XIproto/GetDeviceControl	2	PASS
/XIproto/GetDeviceControl	3	PASS
/XIproto/GetDeviceDontPropagateList	1	PASS
/XIproto/GetDeviceDontPropagateList	2	PASS
/XIproto/GetDeviceDontPropagateList	3	PASS
/XIproto/GetDeviceFocus	1	PASS
/XIproto/GetDeviceFocus	2	PASS
/XIproto/GetDeviceFocus	3	PASS
/XIproto/GetDeviceKeyMapping	1	PASS
/XIproto/GetDeviceKeyMapping	2	PASS
/XIproto/GetDeviceKeyMapping	3	PASS
/XIproto/GetDeviceModifierMapping	1	PASS
/XIproto/GetDeviceModifierMapping	2	PASS
/XIproto/GetDeviceModifierMapping	3	PASS
/XIproto/GetDeviceMotionEvents	1	PASS
/XIproto/GetDeviceMotionEvents	2	PASS
/XIproto/GetDeviceMotionEvents	3	PASS
/XIproto/GetExtensionVersion	1	PASS
/XIproto/GetExtensionVersion	2	PASS
/XIproto/GetExtensionVersion	3	PASS
/XIproto/GetFeedbackControl	1	PASS
/XIproto/GetFeedbackControl	2	PASS
/XIproto/GetFeedbackControl	3	PASS
/XIproto/GetSelectedExtensionEvents	1	PASS
/XIproto/GetSelectedExtensionEvents	2	PASS
/XIproto/GetSelectedExtensionEvents	3	PASS
/XIproto/GrabDevice	1	PASS
/XIproto/GrabDevice	2	PASS
/XIproto/GrabDevice	3	PASS
/XIproto/GrabDeviceButton	1	PASS
/XIproto/GrabDeviceButton	2	PASS
/XIproto/GrabDeviceButton	3	PASS
/XIproto/GrabDeviceKey	1	PASS
/XIproto/GrabDeviceKey	2	PASS
/XIproto/GrabDeviceKey	3	PASS
/XIproto/ListInputDevices	1	PASS
/XIproto/ListInputDevices	2	FAIL
/XIproto/ListInputDevices	3	PASS
/XIproto/OpenDevice	1	PASS
/XIproto/OpenDevice	2	PASS
/XIproto/OpenDevice	3	PASS
/XIproto/QueryDeviceState	1	PASS
/XIproto/QueryDeviceState	2	PASS
/XIproto/QueryDeviceState	3	PASS
/XIproto/SelectExtensionEvent	1	PASS
/XIproto/SelectExtensionEvent	2	PASS
/XIproto/SelectExtensionEvent	3	PASS
/XIproto/SendExtensionEvent	1	PASS
/XIproto/SendExtensionEvent	2	PASS
/XIproto/SendExtensionEvent	3	PASS
/XIproto/SetDeviceButtonMapping	1	FAIL
/XIproto/SetDeviceButtonMapping	2	PASS
/XIproto/SetDeviceButtonMapping	3	PASS
/XIproto/SetDeviceFocus	1	PASS
/XIproto/SetDeviceFocus	2	PASS
/XIproto/SetDeviceFocus	3	PASS
/XIproto/SetDeviceMode	1	UNTESTED
/XIproto/SetDeviceMode	2	UNTESTED
/XIproto/SetDeviceMode	3	UNTESTED
/XIproto/SetDeviceModifierMapping	1	PASS
/XIproto/SetDeviceModifierMapping	2	PASS
/XIproto/SetDeviceModifierMapping	3	PASS
/XIproto/SetDeviceValuators	1	UNTESTED
/XIproto/SetDeviceValuators	2	UNTESTED
/XIproto/SetDeviceValuators	3	UNTESTED
/XIproto/UngrabDevice	1	PASS
/XIproto/UngrabDevice	2	PASS
/XIproto/UngrabDevice	3	PASS
/XIproto/UngrabDeviceButton	1	PASS
/XIproto/UngrabDeviceButton	2	PASS
/XIproto/UngrabDeviceButton	3	PASS
/XIproto/UngrabDeviceKey	1	PASS
/XIproto/UngrabDeviceKey	2	PASS
/XIproto/UngrabDeviceKey	3	PASS
/Xlib10/XActivateScreenSaver	1	UNTESTED
/Xlib10/XActivateScreenSaver	2	UNTESTED
/Xlib10/XAddHost	1	PASS
/Xlib10/XAddHost	2	UNTESTED
/Xlib10/XAddHost	3	PASS
/Xlib10/XAddHosts	1	PASS
/Xlib10/XAddHosts	2	UNTESTED
/Xlib10/XAddHosts	3	PASS
/Xlib10/XAddToSaveSet	1	PASS
/Xlib10/XAddToSaveSet	2	PASS
/Xlib10/XAddToSaveSet	3	PASS
/Xlib10/XAddToSaveSet	4	PASS
/Xlib10/XAddToSaveSet	5	PASS
/Xlib10/XAddToSaveSet	6	PASS
/Xlib10/XAddToSaveSet	7	PASS
/Xlib10/XAddToSaveSet	8	PASS
/Xlib10/XChangeSaveSet	1	PASS
/Xlib10/XChangeSaveSet	2	PASS
/Xlib10/XChangeSaveSet	3	PASS
/Xlib10/XChangeSaveSet	4	PASS
/Xlib10/XChangeSaveSet	5	PASS
/Xlib10/XDisableAccessControl	1	PASS
/Xlib10/XDisableAccessControl	2	UNTESTED
/Xlib10/XEnableAccessControl	1	UNTESTED
/Xlib10/XEnableAccessControl	2	UNTESTED
/Xlib10/XForceScreenSaver	1	UNTESTED
/Xlib10/XForceScreenSaver	2	UNTESTED
/Xlib10/XForceScreenSaver	3	PASS
/Xlib10/XGetScreenSaver	1	PASS
/Xlib10/XGrabServer	1	PASS
/Xlib10/XInstallColormap	1	FAIL
/Xlib10/XInstallColormap	2	UNTESTED
/Xlib10/XInstallColormap	3	UNTESTED
/Xlib10/XInstallColormap	4	UNRESOLVED
/Xlib10/XInstallColormap	5	UNTESTED
/Xlib10/XInstallColormap	6	PASS
/Xlib10/XKillClient	1	PASS
/Xlib10/XKillClient	2	PASS
/Xlib10/XKillClient	3	PASS
/Xlib10/XKillClient	4	PASS
/Xlib10/XListHosts	1	PASS
/Xlib10/XListHosts	2	PASS
/Xlib10/XListInstalledColormaps	1	PASS
/Xlib10/XListInstalledColormaps	2	PASS
/Xlib10/XRemoveFromSaveSet	1	PASS
/Xlib10/XRemoveFromSaveSet	2	PASS
/Xlib10/XRemoveFromSaveSet	3	PASS
/Xlib10/XRemoveHost	1	PASS
/Xlib10/XRemoveHost	2	UNTESTED
/Xlib10/XRemoveHost	3	PASS
/Xlib10/XRemoveHosts	1	PASS
/Xlib10/XRemoveHosts	2	UNTESTED
/Xlib10/XRemoveHosts	3	PASS
/Xlib10/XReparentWindow	1	PASS
/Xlib10/XReparentWindow	10	PASS
/Xlib10/XReparentWindow	11	PASS
/Xlib10/XReparentWindow	12	PASS
/Xlib10/XReparentWindow	13	PASS
/Xlib10/XReparentWindow	2	PASS
/Xlib10/XReparentWindow	3	PASS
/Xlib10/XReparentWindow	4	PASS
/Xlib10/XReparentWindow	5	PASS
/Xlib10/XReparentWindow	6	PASS
/Xlib10/XReparentWindow	7	UNTESTED
/Xlib10/XReparentWindow	8	UNSUPPORTED
/Xlib10/XReparentWindow	9	PASS
/Xlib10/XResetScreenSaver	1	UNTESTED
/Xlib10/XResetScreenSaver	2	UNTESTED
/Xlib10/XSetAccessControl	1	UNTESTED
/Xlib10/XSetAccessControl	2	PASS
/Xlib10/XSetAccessControl	3	UNTESTED
/Xlib10/XSetAccessControl	4	PASS
/Xlib10/XSetScreenSaver	1	UNTESTED
/Xlib10/XSetScreenSaver	10	UNTESTED
/Xlib10/XSetScreenSaver	11	UNTESTED
/Xlib10/XSetScreenSaver	12	UNTESTED
/Xlib10/XSetScreenSaver	13	UNTESTED
/Xlib10/XSetScreenSaver	14	PASS
/Xlib10/XSetScreenSaver	15	PASS
/Xlib10/XSetScreenSaver	16	PASS
/Xlib10/XSetScreenSaver	17	PASS
/Xlib10/XSetScreenSaver	2	UNTESTED
/Xlib10/XSetScreenSaver	3	UNTESTED
/Xlib10/XSetScreenSaver	4	UNTESTED
/Xlib10/XSetScreenSaver	5	UNTESTED
/Xlib10/XSetScreenSaver	6	UNTESTED
/Xlib10/XSetScreenSaver	7	UNTESTED
/Xlib10/XSetScreenSaver	8	UNTESTED
/Xlib10/XSetScreenSaver	9	UNTESTED
/Xlib10/XUngrabServer	1	PASS
/Xlib10/XUninstallColormap	1	UNTESTED
/Xlib10/XUninstallColormap	2	UNTESTED
/Xlib10/XUninstallColormap	3	UNTESTED
/Xlib10/XUninstallColormap	4	UNTESTED
/Xlib10/XUninstallColormap	5	PASS
/Xlib11/ButtonPress	1	PASS
/Xlib11/ButtonPress	10	FAIL
/Xlib11/ButtonPress	11	UNSUPPORTED
/Xlib11/ButtonPress	12	UNSUPPORTED
/Xlib11/ButtonPress	2	PASS
/Xlib11/ButtonPress	3	UNTESTED
/Xlib11/ButtonPress	4	PASS
/Xlib11/ButtonPress	5	PASS
/Xlib11/ButtonPress	6	PASS
/Xlib11/ButtonPress	7	PASS
/Xlib11/ButtonPress	8	PASS
/Xlib11/ButtonPress	9	PASS
/Xlib11/ButtonRelease	1	PASS
/Xlib11/ButtonRelease	2	PASS
/Xlib11/ButtonRelease	3	PASS
/Xlib11/ButtonRelease	4	PASS
/Xlib11/ButtonRelease	5	PASS
/Xlib11/ButtonRelease	6	PASS
/Xlib11/ButtonRelease	7	PASS
/Xlib11/ButtonRelease	8	UNSUPPORTED
/Xlib11/ButtonRelease	9	UNSUPPORTED
/Xlib11/CirculateNotify	1	PASS
/Xlib11/CirculateNotify	2	PASS
/Xlib11/CirculateNotify	3	NOTINUSE
/Xlib11/CirculateRequest	1	PASS
/Xlib11/CirculateRequest	2	NOTINUSE
/Xlib11/ClientMessage	1	NOTINUSE
/Xlib11/ColormapNotify	1	PASS
/Xlib11/ColormapNotify	2	NOTINUSE
/Xlib11/ConfigureNotify	1	PASS
/Xlib11/ConfigureNotify	2	PASS
/Xlib11/ConfigureNotify	3	NOTINUSE
/Xlib11/ConfigureRequest	1	PASS
/Xlib11/ConfigureRequest	2	NOTINUSE
/Xlib11/ConfigureRequest	3	PASS
/Xlib11/ConfigureRequest	4	NOTINUSE
/Xlib11/ConfigureRequest	5	NOTINUSE
/Xlib11/ConfigureRequest	6	PASS
/Xlib11/ConfigureRequest	7	NOTINUSE
/Xlib11/CreateNotify	1	PASS
/Xlib11/CreateNotify	2	NOTINUSE
/Xlib11/DestroyNotify	1	PASS
/Xlib11/DestroyNotify	2	PASS
/Xlib11/DestroyNotify	3	NOTINUSE
/Xlib11/EnterNotify	1	PASS
/Xlib11/EnterNotify	10	UNSUPPORTED
/Xlib11/EnterNotify	11	NOTINUSE
/Xlib11/EnterNotify	12	PASS
/Xlib11/EnterNotify	13	PASS
/Xlib11/EnterNotify	2	NOTINUSE
/Xlib11/EnterNotify	3	PASS
/Xlib11/EnterNotify	4	PASS
/Xlib11/EnterNotify	5	NOTINUSE
/Xlib11/EnterNotify	6	NOTINUSE
/Xlib11/EnterNotify	7	PASS
/Xlib11/EnterNotify	8	PASS
/Xlib11/EnterNotify	9	PASS
/Xlib11/Expose	1	PASS
/Xlib11/Expose	2	NOTINUSE
/Xlib11/Expose	3	UNTESTED
/Xlib11/Expose	4	UNTESTED
/Xlib11/Expose	5	PASS
/Xlib11/Expose	6	PASS
/Xlib11/Expose	7	NOTINUSE
/Xlib11/FocusIn	1	PASS
/Xlib11/FocusIn	10	UNSUPPORTED
/Xlib11/FocusIn	11	UNSUPPORTED
/Xlib11/FocusIn	12	UNSUPPORTED
/Xlib11/FocusIn	13	NOTINUSE
/Xlib11/FocusIn	14	PASS
/Xlib11/FocusIn	15	PASS
/Xlib11/FocusIn	16	PASS
/Xlib11/FocusIn	17	PASS
/Xlib11/FocusIn	18	PASS
/Xlib11/FocusIn	19	PASS
/Xlib11/FocusIn	2	NOTINUSE
/Xlib11/FocusIn	20	PASS
/Xlib11/FocusIn	21	PASS
/Xlib11/FocusIn	3	NOTINUSE
/Xlib11/FocusIn	4	PASS
/Xlib11/FocusIn	5	PASS
/Xlib11/FocusIn	6	PASS
/Xlib11/FocusIn	7	PASS
/Xlib11/FocusIn	8	PASS
/Xlib11/FocusIn	9	UNSUPPORTED
/Xlib11/FocusOut	1	PASS
/Xlib11/FocusOut	10	UNSUPPORTED
/Xlib11/FocusOut	11	UNSUPPORTED
/Xlib11/FocusOut	12	UNSUPPORTED
/Xlib11/FocusOut	13	PASS
/Xlib11/FocusOut	14	PASS
/Xlib11/FocusOut	15	PASS
/Xlib11/FocusOut	16	NOTINUSE
/Xlib11/FocusOut	17	PASS
/Xlib11/FocusOut	18	PASS
/Xlib11/FocusOut	19	PASS
/Xlib11/FocusOut	2	PASS
/Xlib11/FocusOut	3	NOTINUSE
/Xlib11/FocusOut	4	NOTINUSE
/Xlib11/FocusOut	5	PASS
/Xlib11/FocusOut	6	PASS
/Xlib11/FocusOut	7	PASS
/Xlib11/FocusOut	8	PASS
/Xlib11/FocusOut	9	PASS
/Xlib11/GraphicsExpose	1	PASS
/Xlib11/GravityNotify	1	PASS
/Xlib11/GravityNotify	2	PASS
/Xlib11/GravityNotify	3	NOTINUSE
/Xlib11/KeyPress	1	PASS
/Xlib11/KeyPress	2	PASS
/Xlib11/KeyPress	3	PASS
/Xlib11/KeyPress	4	PASS
/Xlib11/KeyPress	5	PASS
/Xlib11/KeyPress	6	PASS
/Xlib11/KeyPress	7	PASS
/Xlib11/KeyPress	8	UNSUPPORTED
/Xlib11/KeyPress	9	UNSUPPORTED
/Xlib11/KeyRelease	1	PASS
/Xlib11/KeyRelease	2	PASS
/Xlib11/KeyRelease	3	PASS
/Xlib11/KeyRelease	4	PASS
/Xlib11/KeyRelease	5	PASS
/Xlib11/KeyRelease	6	PASS
/Xlib11/KeyRelease	7	PASS
/Xlib11/KeyRelease	8	UNSUPPORTED
/Xlib11/KeyRelease	9	UNSUPPORTED
/Xlib11/KeymapNotify	1	PASS
/Xlib11/KeymapNotify	2	PASS
/Xlib11/KeymapNotify	3	PASS
/Xlib11/KeymapNotify	4	NOTINUSE
/Xlib11/LeaveNotify	1	PASS
/Xlib11/LeaveNotify	10	PASS
/Xlib11/LeaveNotify	11	UNSUPPORTED
/Xlib11/LeaveNotify	12	UNSUPPORTED
/Xlib11/LeaveNotify	13	UNSUPPORTED
/Xlib11/LeaveNotify	14	PASS
/Xlib11/LeaveNotify	15	PASS
/Xlib11/LeaveNotify	2	FAIL
/Xlib11/LeaveNotify	3	NOTINUSE
/Xlib11/LeaveNotify	4	PASS
/Xlib11/LeaveNotify	5	PASS
/Xlib11/LeaveNotify	6	UNSUPPORTED
/Xlib11/LeaveNotify	7	NOTINUSE
/Xlib11/LeaveNotify	8	PASS
/Xlib11/LeaveNotify	9	PASS
/Xlib11/MapNotify	1	PASS
/Xlib11/MapNotify	2	PASS
/Xlib11/MapNotify	3	PASS
/Xlib11/MapNotify	4	NOTINUSE
/Xlib11/MapRequest	1	PASS
/Xlib11/MapRequest	2	NOTINUSE
/Xlib11/MappingNotify	1	PASS
/Xlib11/MotionNotify	1	PASS
/Xlib11/MotionNotify	10	UNRESOLVED
/Xlib11/MotionNotify	11	UNTESTED
/Xlib11/MotionNotify	12	NOTINUSE
/Xlib11/MotionNotify	13	FAIL
/Xlib11/MotionNotify	14	UNRESOLVED
/Xlib11/MotionNotify	15	PASS
/Xlib11/MotionNotify	16	PASS
/Xlib11/MotionNotify	17	NOTINUSE
/Xlib11/MotionNotify	18	UNSUPPORTED
/Xlib11/MotionNotify	19	UNSUPPORTED
/Xlib11/MotionNotify	2	NOTINUSE
/Xlib11/MotionNotify	3	PASS
/Xlib11/MotionNotify	4	PASS
/Xlib11/MotionNotify	5	PASS
/Xlib11/MotionNotify	6	PASS
/Xlib11/MotionNotify	7	PASS
/Xlib11/MotionNotify	8	PASS
/Xlib11/MotionNotify	9	PASS
/Xlib11/NoExpose	1	NOTINUSE
/Xlib11/PropertyNotify	1	PASS
/Xlib11/PropertyNotify	2	NOTINUSE
/Xlib11/ReparentNotify	1	PASS
/Xlib11/ReparentNotify	2	PASS
/Xlib11/ReparentNotify	3	NOTINUSE
/Xlib11/ReparentNotify	4	NOTINUSE
/Xlib11/ResizeRequest	1	PASS
/Xlib11/ResizeRequest	2	NOTINUSE
/Xlib11/SelectionClear	1	NOTINUSE
/Xlib11/SelectionNotify	1	NOTINUSE
/Xlib11/SelectionRequest	1	NOTINUSE
/Xlib11/UnmapNotify	1	PASS
/Xlib11/UnmapNotify	2	PASS
/Xlib11/UnmapNotify	3	NOTINUSE
/Xlib11/VisibilityNotify	1	PASS
/Xlib11/VisibilityNotify	2	PASS
/Xlib11/VisibilityNotify	3	PASS
/Xlib11/VisibilityNotify	4	PASS
/Xlib11/VisibilityNotify	5	NOTINUSE
/Xlib11/VisibilityNotify	6	NOTINUSE
/Xlib11/VisibilityNotify	7	PASS
/Xlib11/VisibilityNotify	8	PASS
/Xlib11/VisibilityNotify	9	PASS
/Xlib12/XCheckIfEvent	1	PASS
/Xlib12/XCheckIfEvent	2	PASS
/Xlib12/XCheckIfEvent	3	PASS
/Xlib12/XCheckIfEvent	4	PASS
/Xlib12/XCheckIfEvent	5	PASS
/Xlib12/XCheckIfEvent	6	PASS
/Xlib12/XCheckMaskEvent	1	PASS
/Xlib12/XCheckMaskEvent	2	NOTINUSE
/Xlib12/XCheckMaskEvent	3	PASS
/Xlib12/XCheckMaskEvent	4	NOTINUSE
/Xlib12/XCheckMaskEvent	5	PASS
/Xlib12/XCheckMaskEvent	6	PASS
/Xlib12/XCheckTypedEvent	1	PASS
/Xlib12/XCheckTypedEvent	2	NOTINUSE
/Xlib12/XCheckTypedEvent	3	PASS
/Xlib12/XCheckTypedEvent	4	NOTINUSE
/Xlib12/XCheckTypedEvent	5	PASS
/Xlib12/XCheckTypedEvent	6	PASS
/Xlib12/XCheckTypedWindowEvent	1	PASS
/Xlib12/XCheckTypedWindowEvent	2	NOTINUSE
/Xlib12/XCheckTypedWindowEvent	3	PASS
/Xlib12/XCheckTypedWindowEvent	4	NOTINUSE
/Xlib12/XCheckTypedWindowEvent	5	PASS
/Xlib12/XCheckTypedWindowEvent	6	PASS
/Xlib12/XCheckWindowEvent	1	PASS
/Xlib12/XCheckWindowEvent	2	NOTINUSE
/Xlib12/XCheckWindowEvent	3	PASS
/Xlib12/XCheckWindowEvent	4	NOTINUSE
/Xlib12/XCheckWindowEvent	5	PASS
/Xlib12/XCheckWindowEvent	6	PASS
/Xlib12/XDisplayMotionBufferSize	1	PASS
/Xlib12/XDisplayMotionBufferSize	2	UNSUPPORTED
/Xlib12/XDisplayName/XDisplayName	1	PASS
/Xlib12/XEventsQueued	1	PASS
/Xlib12/XEventsQueued	2	PASS
/Xlib12/XEventsQueued	3	PASS
/Xlib12/XEventsQueued	4	PASS
/Xlib12/XEventsQueued	5	PASS
/Xlib12/XEventsQueued	6	PASS
/Xlib12/XFlush	1	PASS
/Xlib12/XGetErrorDatabaseText	1	PASS
/Xlib12/XGetErrorDatabaseText	2	PASS
/Xlib12/XGetErrorDatabaseText	3	PASS
/Xlib12/XGetErrorDatabaseText	4	UNTESTED
/Xlib12/XGetErrorDatabaseText	5	UNTESTED
/Xlib12/XGetErrorText	1	PASS
/Xlib12/XGetErrorText	2	UNTESTED
/Xlib12/XGetMotionEvents	1	UNTESTED
/Xlib12/XGetMotionEvents	2	UNSUPPORTED
/Xlib12/XGetMotionEvents	3	PASS
/Xlib12/XGetMotionEvents	4	PASS
/Xlib12/XGetMotionEvents	5	UNTESTED
/Xlib12/XGetMotionEvents	6	UNTESTED
/Xlib12/XGetMotionEvents	7	PASS
/Xlib12/XIfEvent	1	PASS
/Xlib12/XIfEvent	2	PASS
/Xlib12/XIfEvent	3	PASS
/Xlib12/XIfEvent	4	PASS
/Xlib12/XMaskEvent	1	PASS
/Xlib12/XMaskEvent	2	PASS
/Xlib12/XMaskEvent	3	PASS
/Xlib12/XNextEvent	1	PASS
/Xlib12/XNextEvent	2	PASS
/Xlib12/XNextEvent	3	PASS
/Xlib12/XPeekEvent	1	PASS
/Xlib12/XPeekEvent	2	PASS
/Xlib12/XPeekEvent	3	PASS
/Xlib12/XPeekIfEvent	1	PASS
/Xlib12/XPeekIfEvent	2	PASS
/Xlib12/XPeekIfEvent	3	PASS
/Xlib12/XPeekIfEvent	4	PASS
/Xlib12/XPending	1	PASS
/Xlib12/XPending	2	PASS
/Xlib12/XPending	3	PASS
/Xlib12/XPutBackEvent	1	PASS
/Xlib12/XPutBackEvent	2	UNTESTED
/Xlib12/XSelectInput	1	PASS
/Xlib12/XSelectInput	2	PASS
/Xlib12/XSelectInput	3	PASS
/Xlib12/XSelectInput	4	PASS
/Xlib12/XSelectInput	5	PASS
/Xlib12/XSelectInput	6	PASS
/Xlib12/XSelectInput	7	PASS
/Xlib12/XSelectInput	8	PASS
/Xlib12/XSendEvent	1	PASS
/Xlib12/XSendEvent	10	PASS
/Xlib12/XSendEvent	11	PASS
/Xlib12/XSendEvent	12	PASS
/Xlib12/XSendEvent	13	PASS
/Xlib12/XSendEvent	14	PASS
/Xlib12/XSendEvent	15	NOTINUSE
/Xlib12/XSendEvent	16	PASS
/Xlib12/XSendEvent	17	PASS
/Xlib12/XSendEvent	18	PASS
/Xlib12/XSendEvent	19	PASS
/Xlib12/XSendEvent	2	PASS
/Xlib12/XSendEvent	20	PASS
/Xlib12/XSendEvent	21	PASS
/Xlib12/XSendEvent	22	PASS
/Xlib12/XSendEvent	3	PASS
/Xlib12/XSendEvent	4	PASS
/Xlib12/XSendEvent	5	NOTINUSE
/Xlib12/XSendEvent	6	PASS
/Xlib12/XSendEvent	7	PASS
/Xlib12/XSendEvent	8	PASS
/Xlib12/XSendEvent	9	PASS
/Xlib12/XSetAfterFunction	1	PASS
/Xlib12/XSetAfterFunction	2	PASS
/Xlib12/XSetAfterFunction	3	UNTESTED
/Xlib12/XSetErrorHandler	1	PASS
/Xlib12/XSetErrorHandler	2	PASS
/Xlib12/XSetErrorHandler	3	UNTESTED
/Xlib12/XSetErrorHandler	4	PASS
/Xlib12/XSetErrorHandler	5	UNTESTED
/Xlib12/XSetErrorHandler	6	PASS
/Xlib12/XSetErrorHandler	7	PASS
/Xlib12/XSetErrorHandler	8	PASS
/Xlib12/XSetErrorHandler	9	PASS
/Xlib12/XSetIOErrorHandler	1	PASS
/Xlib12/XSetIOErrorHandler	2	PASS
/Xlib12/XSetIOErrorHandler	3	UNTESTED
/Xlib12/XSetIOErrorHandler	4	PASS
/Xlib12/XSetIOErrorHandler	5	UNTESTED
/Xlib12/XSetIOErrorHandler	6	NOTINUSE
/Xlib12/XSetIOErrorHandler	7	PASS
/Xlib12/XSync	1	UNTESTED
/Xlib12/XSync	2	FAIL
/Xlib12/XSync	3	PASS
/Xlib12/XSync	4	NOTINUSE
/Xlib12/XSync	5	PASS
/Xlib12/XSynchronize	1	UNTESTED
/Xlib12/XSynchronize	2	UNTESTED
/Xlib12/XSynchronize	3	PASS
/Xlib12/XSynchronize	4	PASS
/Xlib12/XSynchronize	5	PASS
/Xlib12/XWindowEvent	1	PASS
/Xlib12/XWindowEvent	2	PASS
/Xlib12/XWindowEvent	3	PASS
/Xlib13/XAllowEvents	1	PASS
/Xlib13/XAllowEvents	10	PASS
/Xlib13/XAllowEvents	11	PASS
/Xlib13/XAllowEvents	12	PASS
/Xlib13/XAllowEvents	13	PASS
/Xlib13/XAllowEvents	14	PASS
/Xlib13/XAllowEvents	15	PASS
/Xlib13/XAllowEvents	16	PASS
/Xlib13/XAllowEvents	17	PASS
/Xlib13/XAllowEvents	18	PASS
/Xlib13/XAllowEvents	19	PASS
/Xlib13/XAllowEvents	2	PASS
/Xlib13/XAllowEvents	20	PASS
/Xlib13/XAllowEvents	21	PASS
/Xlib13/XAllowEvents	22	PASS
/Xlib13/XAllowEvents	23	PASS
/Xlib13/XAllowEvents	24	PASS
/Xlib13/XAllowEvents	25	PASS
/Xlib13/XAllowEvents	26	PASS
/Xlib13/XAllowEvents	27	PASS
/Xlib13/XAllowEvents	28	PASS
/Xlib13/XAllowEvents	29	PASS
/Xlib13/XAllowEvents	3	PASS
/Xlib13/XAllowEvents	4	PASS
/Xlib13/XAllowEvents	5	FAIL
/Xlib13/XAllowEvents	6	PASS
/Xlib13/XAllowEvents	7	PASS
/Xlib13/XAllowEvents	8	PASS
/Xlib13/XAllowEvents	9	PASS
/Xlib13/XAutoRepeatOff	1	PASS
/Xlib13/XAutoRepeatOn	1	PASS
/Xlib13/XBell	1	UNTESTED
/Xlib13/XBell	2	UNTESTED
/Xlib13/XBell	3	PASS
/Xlib13/XChangeActivePointerGrab	1	PASS
/Xlib13/XChangeActivePointerGrab	2	PASS
/Xlib13/XChangeActivePointerGrab	3	PASS
/Xlib13/XChangeActivePointerGrab	4	PASS
/Xlib13/XChangeActivePointerGrab	5	PASS
/Xlib13/XChangeKeyboardControl	1	PASS
/Xlib13/XChangeKeyboardControl	10	FAIL
/Xlib13/XChangeKeyboardControl	11	PASS
/Xlib13/XChangeKeyboardControl	12	PASS
/Xlib13/XChangeKeyboardControl	13	PASS
/Xlib13/XChangeKeyboardControl	14	PASS
/Xlib13/XChangeKeyboardControl	15	PASS
/Xlib13/XChangeKeyboardControl	16	PASS
/Xlib13/XChangeKeyboardControl	17	PASS
/Xlib13/XChangeKeyboardControl	18	PASS
/Xlib13/XChangeKeyboardControl	19	PASS
/Xlib13/XChangeKeyboardControl	2	UNTESTED
/Xlib13/XChangeKeyboardControl	20	PASS
/Xlib13/XChangeKeyboardControl	3	PASS
/Xlib13/XChangeKeyboardControl	4	UNTESTED
/Xlib13/XChangeKeyboardControl	5	PASS
/Xlib13/XChangeKeyboardControl	6	UNTESTED
/Xlib13/XChangeKeyboardControl	7	PASS
/Xlib13/XChangeKeyboardControl	8	UNTESTED
/Xlib13/XChangeKeyboardControl	9	FAIL
/Xlib13/XChangeKeyboardMapping	1	PASS
/Xlib13/XChangeKeyboardMapping	2	PASS
/Xlib13/XChangeKeyboardMapping	3	FAIL
/Xlib13/XChangeKeyboardMapping	4	PASS
/Xlib13/XChangeKeyboardMapping	5	PASS
/Xlib13/XChangeKeyboardMapping	6	PASS
/Xlib13/XChangeKeyboardMapping	7	UNTESTED
/Xlib13/XChangePointerControl	1	PASS
/Xlib13/XChangePointerControl	10	PASS
/Xlib13/XChangePointerControl	11	PASS
/Xlib13/XChangePointerControl	2	PASS
/Xlib13/XChangePointerControl	3	PASS
/Xlib13/XChangePointerControl	4	PASS
/Xlib13/XChangePointerControl	5	PASS
/Xlib13/XChangePointerControl	6	PASS
/Xlib13/XChangePointerControl	7	PASS
/Xlib13/XChangePointerControl	8	PASS
/Xlib13/XChangePointerControl	9	PASS
/Xlib13/XDeleteModifiermapEntry	1	PASS
/Xlib13/XDisplayKeycodes	1	PASS
/Xlib13/XDisplayKeycodes	2	PASS
/Xlib13/XDisplayKeycodes	3	PASS
/Xlib13/XFreeModifiermap	1	UNTESTED
/Xlib13/XGetInputFocus	1	PASS
/Xlib13/XGetKeyboardControl	1	PASS
/Xlib13/XGetKeyboardMapping	1	PASS
/Xlib13/XGetKeyboardMapping	2	NOTINUSE
/Xlib13/XGetKeyboardMapping	3	PASS
/Xlib13/XGetKeyboardMapping	4	NOTINUSE
/Xlib13/XGetKeyboardMapping	5	PASS
/Xlib13/XGetKeyboardMapping	6	PASS
/Xlib13/XGetModifierMapping	1	PASS
/Xlib13/XGetModifierMapping	2	PASS
/Xlib13/XGetPointerControl	1	PASS
/Xlib13/XGetPointerMapping	1	PASS
/Xlib13/XGetPointerMapping	2	PASS
/Xlib13/XGetPointerMapping	3	PASS
/Xlib13/XGrabButton	1	PASS
/Xlib13/XGrabButton	10	FAIL
/Xlib13/XGrabButton	11	FAIL
/Xlib13/XGrabButton	12	FAIL
/Xlib13/XGrabButton	13	PASS
/Xlib13/XGrabButton	14	FAIL
/Xlib13/XGrabButton	15	PASS
/Xlib13/XGrabButton	16	FAIL
/Xlib13/XGrabButton	17	UNRESOLVED
/Xlib13/XGrabButton	18	PASS
/Xlib13/XGrabButton	19	FAIL
/Xlib13/XGrabButton	2	PASS
/Xlib13/XGrabButton	20	UNRESOLVED
/Xlib13/XGrabButton	21	FAIL
/Xlib13/XGrabButton	22	FAIL
/Xlib13/XGrabButton	23	FAIL
/Xlib13/XGrabButton	24	FAIL
/Xlib13/XGrabButton	25	FAIL
/Xlib13/XGrabButton	26	UNSUPPORTED
/Xlib13/XGrabButton	27	UNRESOLVED
/Xlib13/XGrabButton	28	PASS
/Xlib13/XGrabButton	29	PASS
/Xlib13/XGrabButton	3	PASS
/Xlib13/XGrabButton	30	PASS
/Xlib13/XGrabButton	31	PASS
/Xlib13/XGrabButton	32	PASS
/Xlib13/XGrabButton	33	PASS
/Xlib13/XGrabButton	34	PASS
/Xlib13/XGrabButton	35	PASS
/Xlib13/XGrabButton	36	PASS
/Xlib13/XGrabButton	37	PASS
/Xlib13/XGrabButton	38	PASS
/Xlib13/XGrabButton	39	PASS
/Xlib13/XGrabButton	4	PASS
/Xlib13/XGrabButton	5	FAIL
/Xlib13/XGrabButton	6	PASS
/Xlib13/XGrabButton	7	PASS
/Xlib13/XGrabButton	8	PASS
/Xlib13/XGrabButton	9	FAIL
/Xlib13/XGrabKey	1	FAIL
/Xlib13/XGrabKey	10	PASS
/Xlib13/XGrabKey	11	PASS
/Xlib13/XGrabKey	12	PASS
/Xlib13/XGrabKey	13	FAIL
/Xlib13/XGrabKey	14	FAIL
/Xlib13/XGrabKey	15	PASS
/Xlib13/XGrabKey	16	PASS
/Xlib13/XGrabKey	2	UNRESOLVED
/Xlib13/XGrabKey	3	UNRESOLVED
/Xlib13/XGrabKey	4	UNRESOLVED
/Xlib13/XGrabKey	5	UNRESOLVED
/Xlib13/XGrabKey	6	FAIL
/Xlib13/XGrabKey	7	PASS
/Xlib13/XGrabKey	8	FAIL
/Xlib13/XGrabKey	9	UNRESOLVED
/Xlib13/XGrabKeyboard	1	PASS
/Xlib13/XGrabKeyboard	10	PASS
/Xlib13/XGrabKeyboard	11	PASS
/Xlib13/XGrabKeyboard	12	PASS
/Xlib13/XGrabKeyboard	13	PASS
/Xlib13/XGrabKeyboard	14	PASS
/Xlib13/XGrabKeyboard	15	PASS
/Xlib13/XGrabKeyboard	16	PASS
/Xlib13/XGrabKeyboard	17	PASS
/Xlib13/XGrabKeyboard	18	PASS
/Xlib13/XGrabKeyboard	19	PASS
/Xlib13/XGrabKeyboard	2	PASS
/Xlib13/XGrabKeyboard	20	PASS
/Xlib13/XGrabKeyboard	21	PASS
/Xlib13/XGrabKeyboard	22	PASS
/Xlib13/XGrabKeyboard	23	PASS
/Xlib13/XGrabKeyboard	24	PASS
/Xlib13/XGrabKeyboard	25	PASS
/Xlib13/XGrabKeyboard	3	FAIL
/Xlib13/XGrabKeyboard	4	PASS
/Xlib13/XGrabKeyboard	5	PASS
/Xlib13/XGrabKeyboard	6	PASS
/Xlib13/XGrabKeyboard	7	PASS
/Xlib13/XGrabKeyboard	8	PASS
/Xlib13/XGrabKeyboard	9	PASS
/Xlib13/XGrabPointer	1	PASS
/Xlib13/XGrabPointer	10	PASS
/Xlib13/XGrabPointer	11	PASS
/Xlib13/XGrabPointer	12	PASS
/Xlib13/XGrabPointer	13	PASS
/Xlib13/XGrabPointer	14	PASS
/Xlib13/XGrabPointer	15	PASS
/Xlib13/XGrabPointer	16	PASS
/Xlib13/XGrabPointer	17	FAIL
/Xlib13/XGrabPointer	18	PASS
/Xlib13/XGrabPointer	19	UNSUPPORTED
/Xlib13/XGrabPointer	2	PASS
/Xlib13/XGrabPointer	20	PASS
/Xlib13/XGrabPointer	21	PASS
/Xlib13/XGrabPointer	22	PASS
/Xlib13/XGrabPointer	23	PASS
/Xlib13/XGrabPointer	24	PASS
/Xlib13/XGrabPointer	25	PASS
/Xlib13/XGrabPointer	26	PASS
/Xlib13/XGrabPointer	27	PASS
/Xlib13/XGrabPointer	28	PASS
/Xlib13/XGrabPointer	29	PASS
/Xlib13/XGrabPointer	3	PASS
/Xlib13/XGrabPointer	30	PASS
/Xlib13/XGrabPointer	31	PASS
/Xlib13/XGrabPointer	32	PASS
/Xlib13/XGrabPointer	33	PASS
/Xlib13/XGrabPointer	34	PASS
/Xlib13/XGrabPointer	4	PASS
/Xlib13/XGrabPointer	5	PASS
/Xlib13/XGrabPointer	6	PASS
/Xlib13/XGrabPointer	7	PASS
/Xlib13/XGrabPointer	8	PASS
/Xlib13/XGrabPointer	9	PASS
/Xlib13/XInsertModifiermapEntry	1	PASS
/Xlib13/XNewModifiermap	1	PASS
/Xlib13/XQueryKeymap	1	PASS
/Xlib13/XSetInputFocus	1	PASS
/Xlib13/XSetInputFocus	10	PASS
/Xlib13/XSetInputFocus	11	PASS
/Xlib13/XSetInputFocus	12	PASS
/Xlib13/XSetInputFocus	13	PASS
/Xlib13/XSetInputFocus	2	PASS
/Xlib13/XSetInputFocus	3	PASS
/Xlib13/XSetInputFocus	4	UNTESTED
/Xlib13/XSetInputFocus	5	PASS
/Xlib13/XSetInputFocus	6	PASS
/Xlib13/XSetInputFocus	7	PASS
/Xlib13/XSetInputFocus	8	PASS
/Xlib13/XSetInputFocus	9	PASS
/Xlib13/XSetModifierMapping	1	PASS
/Xlib13/XSetModifierMapping	2	FAIL
/Xlib13/XSetModifierMapping	3	NOTINUSE
/Xlib13/XSetModifierMapping	4	PASS
/Xlib13/XSetModifierMapping	5	UNSUPPORTED
/Xlib13/XSetModifierMapping	6	FAIL
/Xlib13/XSetModifierMapping	7	UNTESTED
/Xlib13/XSetModifierMapping	8	PASS
/Xlib13/XSetPointerMapping	1	PASS
/Xlib13/XSetPointerMapping	2	PASS
/Xlib13/XSetPointerMapping	3	PASS
/Xlib13/XSetPointerMapping	4	PASS
/Xlib13/XSetPointerMapping	5	PASS
/Xlib13/XSetPointerMapping	6	PASS
/Xlib13/XSetPointerMapping	7	PASS
/Xlib13/XUngrabButton	1	PASS
/Xlib13/XUngrabButton	2	PASS
/Xlib13/XUngrabButton	3	PASS
/Xlib13/XUngrabButton	4	FAIL
/Xlib13/XUngrabButton	5	PASS
/Xlib13/XUngrabButton	6	PASS
/Xlib13/XUngrabKey	1	UNRESOLVED
/Xlib13/XUngrabKey	2	UNRESOLVED
/Xlib13/XUngrabKey	3	UNRESOLVED
/Xlib13/XUngrabKey	4	PASS
/Xlib13/XUngrabKey	5	PASS
/Xlib13/XUngrabKey	6	PASS
/Xlib13/XUngrabKey	7	PASS
/Xlib13/XUngrabKeyboard	1	FAIL
/Xlib13/XUngrabKeyboard	2	PASS
/Xlib13/XUngrabKeyboard	3	PASS
/Xlib13/XUngrabPointer	1	UNRESOLVED
/Xlib13/XUngrabPointer	2	PASS
/Xlib13/XUngrabPointer	3	PASS
/Xlib13/XWarpPointer	1	PASS
/Xlib13/XWarpPointer	2	PASS
/Xlib13/XWarpPointer	3	PASS
/Xlib13/XWarpPointer	4	PASS
/Xlib13/XWarpPointer	5	PASS
/Xlib13/XWarpPointer	6	PASS
/Xlib13/XWarpPointer	7	PASS
/Xlib13/XWarpPointer	8	PASS
/Xlib13/XWarpPointer	9	PASS
/Xlib14/XBaseFontNameListOfFontSet	1	PASS
/Xlib14/XCloseIM	1	PASS
/Xlib14/XContextDependentDrawing	1	PASS
/Xlib14/XCreateFontSet	1	PASS
/Xlib14/XCreateIC	1	PASS
/Xlib14/XDestroyIC	1	PASS
/Xlib14/XDisplayOfIM	1	PASS
/Xlib14/XExtentsOfFontSet	1	PASS
/Xlib14/XFilterEvent	1	UNTESTED
/Xlib14/XFontsOfFontSet	1	PASS
/Xlib14/XFreeFontSet	1	PASS
/Xlib14/XGetICValues	1	FAIL
/Xlib14/XGetICValues	2	FAIL
/Xlib14/XGetICValues	3	FAIL
/Xlib14/XGetIMValues	1	PASS
/Xlib14/XIMOfIC	1	PASS
/Xlib14/XLocaleOfFontSet	1	PASS
/Xlib14/XLocaleOfIM	1	PASS
/Xlib14/XOpenIM	1	PASS
/Xlib14/XSetICFocus	1	PASS
/Xlib14/XSetICValues	1	PASS
/Xlib14/XSetICValues	2	PASS
/Xlib14/XSetICValues	3	PASS
/Xlib14/XSetICValues	4	PASS
/Xlib14/XSetLocaleModifiers	1	PASS
/Xlib14/XSupportsLocale	1	PASS
/Xlib14/XUnsetICFocus	1	PASS
/Xlib14/XVaCreateNestedList	1	PASS
/Xlib14/XVaCreateNestedList	2	PASS
/Xlib14/XVaCreateNestedList	3	PASS
/Xlib14/XVaCreateNestedList	4	PASS
/Xlib14/XmbDrawImageString/XmbDrawImageString	1	PASS
/Xlib14/XmbDrawString/XmbDrawString	1	FAIL
/Xlib14/XmbDrawText/XmbDrawText	1	FAIL
/Xlib14/XmbLookupString	1	PASS
/Xlib14/XmbLookupString	2	UNTESTED
/Xlib14/XmbLookupString	3	UNTESTED
/Xlib14/XmbResetIC	1	PASS
/Xlib14/XmbSetWMProperties	1	PASS
/Xlib14/XmbSetWMProperties	2	PASS
/Xlib14/XmbTextEscapement	1	PASS
/Xlib14/XmbTextExtents	1	PASS
/Xlib14/XmbTextListToTextProperty	1	PASS
/Xlib14/XmbTextPerCharExtents	1	PASS
/Xlib14/XmbTextPropertyToTextList	1	PASS
/Xlib14/XwcDrawImageString/XwcDrawImageString	1	PASS
/Xlib14/XwcDrawString/XwcDrawString	1	FAIL
/Xlib14/XwcDrawText/XwcDrawText	1	FAIL
/Xlib14/XwcFreeStringList	1	PASS
/Xlib14/XwcLookupString	1	PASS
/Xlib14/XwcLookupString	2	UNTESTED
/Xlib14/XwcLookupString	3	UNTESTED
/Xlib14/XwcResetIC	1	PASS
/Xlib14/XwcTextEscapement	1	PASS
/Xlib14/XwcTextExtents	1	PASS
/Xlib14/XwcTextListToTextProperty	1	PASS
/Xlib14/XwcTextPerCharExtents	1	PASS
/Xlib14/XwcTextPropertyToTextList	1	PASS
/Xlib15/XAllocClassHint	1	PASS
/Xlib15/XAllocClassHint	2	UNTESTED
/Xlib15/XAllocIconSize	1	PASS
/Xlib15/XAllocIconSize	2	UNTESTED
/Xlib15/XAllocSizeHints	1	PASS
/Xlib15/XAllocSizeHints	2	UNTESTED
/Xlib15/XAllocStandardColormap	1	PASS
/Xlib15/XAllocStandardColormap	2	UNTESTED
/Xlib15/XAllocWMHints	1	PASS
/Xlib15/XAllocWMHints	2	UNTESTED
/Xlib15/XDefaultString	1	PASS
/Xlib15/XFetchName	1	PASS
/Xlib15/XFetchName	2	PASS
/Xlib15/XFetchName	3	PASS
/Xlib15/XFreeStringList	1	PASS
/Xlib15/XGetClassHint	1	PASS
/Xlib15/XGetClassHint	2	PASS
/Xlib15/XGetClassHint	3	PASS
/Xlib15/XGetCommand	1	PASS
/Xlib15/XGetCommand	2	PASS
/Xlib15/XGetCommand	3	UNTESTED
/Xlib15/XGetIconName	1	PASS
/Xlib15/XGetIconName	2	PASS
/Xlib15/XGetIconName	3	PASS
/Xlib15/XGetIconSizes	1	PASS
/Xlib15/XGetIconSizes	2	PASS
/Xlib15/XGetIconSizes	3	PASS
/Xlib15/XGetRGBColormaps	1	PASS
/Xlib15/XGetRGBColormaps	2	PASS
/Xlib15/XGetRGBColormaps	3	PASS
/Xlib15/XGetRGBColormaps	4	PASS
/Xlib15/XGetRGBColormaps	5	PASS
/Xlib15/XGetRGBColormaps	6	PASS
/Xlib15/XGetTextProperty	1	PASS
/Xlib15/XGetTextProperty	2	PASS
/Xlib15/XGetTextProperty	3	PASS
/Xlib15/XGetTextProperty	4	PASS
/Xlib15/XGetTransientForHint	1	PASS
/Xlib15/XGetTransientForHint	2	PASS
/Xlib15/XGetTransientForHint	3	PASS
/Xlib15/XGetWMClientMachine	1	PASS
/Xlib15/XGetWMClientMachine	2	PASS
/Xlib15/XGetWMClientMachine	3	PASS
/Xlib15/XGetWMColormapWindows	1	PASS
/Xlib15/XGetWMColormapWindows	2	UNTESTED
/Xlib15/XGetWMColormapWindows	3	PASS
/Xlib15/XGetWMColormapWindows	4	PASS
/Xlib15/XGetWMHints	1	PASS
/Xlib15/XGetWMHints	2	PASS
/Xlib15/XGetWMHints	3	PASS
/Xlib15/XGetWMIconName	1	PASS
/Xlib15/XGetWMIconName	2	PASS
/Xlib15/XGetWMIconName	3	PASS
/Xlib15/XGetWMName	1	PASS
/Xlib15/XGetWMName	2	PASS
/Xlib15/XGetWMName	3	PASS
/Xlib15/XGetWMNormalHints	1	PASS
/Xlib15/XGetWMNormalHints	2	PASS
/Xlib15/XGetWMNormalHints	3	PASS
/Xlib15/XGetWMNormalHints	4	PASS
/Xlib15/XGetWMNormalHints	5	PASS
/Xlib15/XGetWMProtocols	1	PASS
/Xlib15/XGetWMProtocols	2	UNTESTED
/Xlib15/XGetWMProtocols	3	PASS
/Xlib15/XGetWMProtocols	4	PASS
/Xlib15/XGetWMSizeHints	1	PASS
/Xlib15/XGetWMSizeHints	2	PASS
/Xlib15/XGetWMSizeHints	3	PASS
/Xlib15/XGetWMSizeHints	4	PASS
/Xlib15/XGetWMSizeHints	5	PASS
/Xlib15/XGetWMSizeHints	6	PASS
/Xlib15/XIconifyWindow	1	PASS
/Xlib15/XIconifyWindow	2	UNTESTED
/Xlib15/XIconifyWindow	3	UNTESTED
/Xlib15/XReconfigureWMWindow	1	PASS
/Xlib15/XReconfigureWMWindow	2	PASS
/Xlib15/XReconfigureWMWindow	3	UNTESTED
/Xlib15/XReconfigureWMWindow	4	PASS
/Xlib15/XReconfigureWMWindow	5	PASS
/Xlib15/XSetClassHint	1	PASS
/Xlib15/XSetClassHint	2	UNTESTED
/Xlib15/XSetClassHint	3	PASS
/Xlib15/XSetCommand	1	PASS
/Xlib15/XSetCommand	2	UNTESTED
/Xlib15/XSetCommand	3	PASS
/Xlib15/XSetIconName	1	PASS
/Xlib15/XSetIconName	2	UNTESTED
/Xlib15/XSetIconName	3	PASS
/Xlib15/XSetIconSizes	1	PASS
/Xlib15/XSetIconSizes	2	UNTESTED
/Xlib15/XSetIconSizes	3	PASS
/Xlib15/XSetRGBColormaps	1	PASS
/Xlib15/XSetRGBColormaps	2	UNTESTED
/Xlib15/XSetRGBColormaps	3	PASS
/Xlib15/XSetRGBColormaps	4	PASS
/Xlib15/XSetTextProperty	1	PASS
/Xlib15/XSetTextProperty	2	UNTESTED
/Xlib15/XSetTextProperty	3	PASS
/Xlib15/XSetTextProperty	4	PASS
/Xlib15/XSetTextProperty	5	PASS
/Xlib15/XSetTransientForHint	1	PASS
/Xlib15/XSetTransientForHint	2	UNTESTED
/Xlib15/XSetTransientForHint	3	PASS
/Xlib15/XSetWMClientMachine	1	PASS
/Xlib15/XSetWMClientMachine	2	UNTESTED
/Xlib15/XSetWMClientMachine	3	PASS
/Xlib15/XSetWMClientMachine	4	PASS
/Xlib15/XSetWMClientMachine	5	PASS
/Xlib15/XSetWMColormapWindows	1	PASS
/Xlib15/XSetWMColormapWindows	2	UNTESTED
/Xlib15/XSetWMColormapWindows	3	UNTESTED
/Xlib15/XSetWMColormapWindows	4	PASS
/Xlib15/XSetWMHints	1	PASS
/Xlib15/XSetWMHints	2	UNTESTED
/Xlib15/XSetWMHints	3	PASS
/Xlib15/XSetWMIconName	1	PASS
/Xlib15/XSetWMIconName	2	UNTESTED
/Xlib15/XSetWMIconName	3	PASS
/Xlib15/XSetWMIconName	4	PASS
/Xlib15/XSetWMIconName	5	PASS
/Xlib15/XSetWMName	1	PASS
/Xlib15/XSetWMName	2	UNTESTED
/Xlib15/XSetWMName	3	PASS
/Xlib15/XSetWMName	4	PASS
/Xlib15/XSetWMName	5	PASS
/Xlib15/XSetWMNormalHints	1	PASS
/Xlib15/XSetWMNormalHints	2	UNTESTED
/Xlib15/XSetWMNormalHints	3	PASS
/Xlib15/XSetWMProperties/XSetWMProperties	1	PASS
/Xlib15/XSetWMProperties/XSetWMProperties	10	PASS
/Xlib15/XSetWMProperties/XSetWMProperties	2	PASS
/Xlib15/XSetWMProperties/XSetWMProperties	3	PASS
/Xlib15/XSetWMProperties/XSetWMProperties	4	PASS
/Xlib15/XSetWMProperties/XSetWMProperties	5	PASS
/Xlib15/XSetWMProperties/XSetWMProperties	6	PASS
/Xlib15/XSetWMProperties/XSetWMProperties	7	PASS
/Xlib15/XSetWMProperties/XSetWMProperties	8	PASS
/Xlib15/XSetWMProperties/XSetWMProperties	9	UNTESTED
/Xlib15/XSetWMProtocols	1	PASS
/Xlib15/XSetWMProtocols	2	UNTESTED
/Xlib15/XSetWMProtocols	3	UNTESTED
/Xlib15/XSetWMProtocols	4	PASS
/Xlib15/XSetWMSizeHints	1	PASS
/Xlib15/XSetWMSizeHints	2	UNTESTED
/Xlib15/XSetWMSizeHints	3	PASS
/Xlib15/XSetWMSizeHints	4	PASS
/Xlib15/XStoreName	1	PASS
/Xlib15/XStoreName	2	UNTESTED
/Xlib15/XStoreName	3	PASS
/Xlib15/XStringListToTextProperty	1	PASS
/Xlib15/XStringListToTextProperty	2	UNTESTED
/Xlib15/XStringListToTextProperty	3	PASS
/Xlib15/XTextPropertyToStringList	1	PASS
/Xlib15/XTextPropertyToStringList	2	PASS
/Xlib15/XTextPropertyToStringList	3	PASS
/Xlib15/XTextPropertyToStringList	4	UNTESTED
/Xlib15/XWithdrawWindow	1	PASS
/Xlib15/XWithdrawWindow	2	UNTESTED
/Xlib15/XWithdrawWindow	3	PASS
/Xlib16/XResourceManagerString	1	PASS
/Xlib16/XResourceManagerString	2	PASS
/Xlib16/XScreenResourceString	1	UNSUPPORTED
/Xlib16/XScreenResourceString	2	UNTESTED
/Xlib16/XrmCombineDatabase	1	PASS
/Xlib16/XrmCombineDatabase	2	PASS
/Xlib16/XrmCombineDatabase	3	PASS
/Xlib16/XrmCombineDatabase	4	PASS
/Xlib16/XrmCombineDatabase	5	UNTESTED
/Xlib16/XrmCombineDatabase	6	UNTESTED
/Xlib16/XrmCombineFileDatabase	1	PASS
/Xlib16/XrmCombineFileDatabase	2	PASS
/Xlib16/XrmCombineFileDatabase	3	PASS
/Xlib16/XrmCombineFileDatabase	4	PASS
/Xlib16/XrmCombineFileDatabase	5	UNTESTED
/Xlib16/XrmCombineFileDatabase	6	UNTESTED
/Xlib16/XrmDestroyDatabase	1	UNTESTED
/Xlib16/XrmDestroyDatabase	2	UNTESTED
/Xlib16/XrmDestroyDatabase	3	UNTESTED
/Xlib16/XrmEnumerateDatabase	1	PASS
/Xlib16/XrmEnumerateDatabase	2	PASS
/Xlib16/XrmEnumerateDatabase	3	PASS
/Xlib16/XrmGetDatabase	1	PASS
/Xlib16/XrmGetDatabase	2	PASS
/Xlib16/XrmGetFileDatabase	1	PASS
/Xlib16/XrmGetFileDatabase	2	PASS
/Xlib16/XrmGetFileDatabase	3	PASS
/Xlib16/XrmGetResource	1	PASS
/Xlib16/XrmGetResource	2	PASS
/Xlib16/XrmGetStringDatabase	1	PASS
/Xlib16/XrmGetStringDatabase	2	PASS
/Xlib16/XrmInitialize	1	UNTESTED
/Xlib16/XrmLocaleOfDatabase	1	PASS
/Xlib16/XrmMergeDatabases	1	PASS
/Xlib16/XrmMergeDatabases	2	UNTESTED
/Xlib16/XrmMergeDatabases	3	PASS
/Xlib16/XrmMergeDatabases	4	PASS
/Xlib16/XrmMergeDatabases	5	UNTESTED
/Xlib16/XrmMergeDatabases	6	UNTESTED
/Xlib16/XrmParseCommand	1	PASS
/Xlib16/XrmParseCommand	10	UNTESTED
/Xlib16/XrmParseCommand	11	PASS
/Xlib16/XrmParseCommand	12	PASS
/Xlib16/XrmParseCommand	2	PASS
/Xlib16/XrmParseCommand	3	PASS
/Xlib16/XrmParseCommand	4	PASS
/Xlib16/XrmParseCommand	5	PASS
/Xlib16/XrmParseCommand	6	PASS
/Xlib16/XrmParseCommand	7	PASS
/Xlib16/XrmParseCommand	8	PASS
/Xlib16/XrmParseCommand	9	PASS
/Xlib16/XrmPermStringToQuark	1	PASS
/Xlib16/XrmPermStringToQuark	2	UNTESTED
/Xlib16/XrmPutFileDatabase	1	PASS
/Xlib16/XrmPutFileDatabase	2	PASS
/Xlib16/XrmPutFileDatabase	3	UNTESTED
/Xlib16/XrmPutLineResource	1	PASS
/Xlib16/XrmPutLineResource	2	PASS
/Xlib16/XrmPutLineResource	3	PASS
/Xlib16/XrmPutLineResource	4	PASS
/Xlib16/XrmPutLineResource	5	PASS
/Xlib16/XrmPutLineResource	6	PASS
/Xlib16/XrmPutLineResource	7	PASS
/Xlib16/XrmPutLineResource	8	PASS
/Xlib16/XrmPutLineResource	9	UNTESTED
/Xlib16/XrmPutResource	1	PASS
/Xlib16/XrmPutResource	2	PASS
/Xlib16/XrmPutResource	3	PASS
/Xlib16/XrmPutResource	4	UNTESTED
/Xlib16/XrmPutStringResource	1	PASS
/Xlib16/XrmPutStringResource	2	PASS
/Xlib16/XrmPutStringResource	3	PASS
/Xlib16/XrmPutStringResource	4	UNTESTED
/Xlib16/XrmQGetResource	1	PASS
/Xlib16/XrmQGetResource	2	PASS
/Xlib16/XrmQGetSearchList	1	UNTESTED
/Xlib16/XrmQGetSearchList	2	UNTESTED
/Xlib16/XrmQGetSearchList	3	PASS
/Xlib16/XrmQGetSearchList	4	PASS
/Xlib16/XrmQGetSearchResource	1	PASS
/Xlib16/XrmQGetSearchResource	2	PASS
/Xlib16/XrmQPutResource	1	PASS
/Xlib16/XrmQPutResource	2	PASS
/Xlib16/XrmQPutResource	3	PASS
/Xlib16/XrmQPutStringResource	1	PASS
/Xlib16/XrmQPutStringResource	2	PASS
/Xlib16/XrmQPutStringResource	3	PASS
/Xlib16/XrmQuarkToString	1	PASS
/Xlib16/XrmQuarkToString	2	PASS
/Xlib16/XrmQuarkToString	3	PASS
/Xlib16/XrmSetDatabase	1	PASS
/Xlib16/XrmSetDatabase	2	PASS
/Xlib16/XrmStringToBindingQuarkList	1	PASS
/Xlib16/XrmStringToBindingQuarkList	2	PASS
/Xlib16/XrmStringToBindingQuarkList	3	PASS
/Xlib16/XrmStringToBindingQuarkList	4	PASS
/Xlib16/XrmStringToBindingQuarkList	5	PASS
/Xlib16/XrmStringToBindingQuarkList	6	UNTESTED
/Xlib16/XrmStringToQuark	1	PASS
/Xlib16/XrmStringToQuark	2	PASS
/Xlib16/XrmStringToQuark	3	UNTESTED
/Xlib16/XrmStringToQuarkList	1	PASS
/Xlib16/XrmStringToQuarkList	2	PASS
/Xlib16/XrmStringToQuarkList	3	PASS
/Xlib16/XrmUniqueQuark	1	PASS
/Xlib17/IsCursorKey	1	PASS
/Xlib17/IsCursorKey	2	PASS
/Xlib17/IsFunctionKey	1	PASS
/Xlib17/IsFunctionKey	2	PASS
/Xlib17/IsKeypadKey	1	PASS
/Xlib17/IsKeypadKey	2	PASS
/Xlib17/IsMiscFunctionKey	1	PASS
/Xlib17/IsMiscFunctionKey	2	PASS
/Xlib17/IsModifierKey	1	PASS
/Xlib17/IsModifierKey	2	PASS
/Xlib17/IsPFKey	1	PASS
/Xlib17/IsPFKey	2	PASS
/Xlib17/XAddPixel	1	PASS
/Xlib17/XClipBox	1	PASS
/Xlib17/XCreateBitmapFromData	1	PASS
/Xlib17/XCreateBitmapFromData	2	UNTESTED
/Xlib17/XCreateBitmapFromData	3	UNTESTED
/Xlib17/XCreateBitmapFromData	4	PASS
/Xlib17/XCreateImage	1	PASS
/Xlib17/XCreateImage	2	UNTESTED
/Xlib17/XCreateImage	3	PASS
/Xlib17/XCreatePixmapFromBitmapData	1	PASS
/Xlib17/XCreatePixmapFromBitmapData	2	PASS
/Xlib17/XCreatePixmapFromBitmapData	3	UNTESTED
/Xlib17/XCreatePixmapFromBitmapData	4	UNTESTED
/Xlib17/XCreatePixmapFromBitmapData	5	PASS
/Xlib17/XCreateRegion	1	PASS
/Xlib17/XCreateRegion	2	UNTESTED
/Xlib17/XDeleteContext	1	PASS
/Xlib17/XDeleteContext	2	PASS
/Xlib17/XDestroyImage	1	UNTESTED
/Xlib17/XDestroyRegion	1	UNTESTED
/Xlib17/XEmptyRegion	1	PASS
/Xlib17/XEmptyRegion	2	PASS
/Xlib17/XEqualRegion	1	PASS
/Xlib17/XEqualRegion	2	PASS
/Xlib17/XEqualRegion	3	PASS
/Xlib17/XEqualRegion	4	PASS
/Xlib17/XFetchBuffer	1	PASS
/Xlib17/XFetchBuffer	2	PASS
/Xlib17/XFetchBytes	1	PASS
/Xlib17/XFetchBytes	2	PASS
/Xlib17/XFindContext	1	PASS
/Xlib17/XFindContext	2	PASS
/Xlib17/XGetDefault/XGetDefault	1	PASS
/Xlib17/XGetDefault/XGetDefault	2	PASS
/Xlib17/XGetDefault/XGetDefault	3	FAIL
/Xlib17/XGetDefault/XGetDefault	4	PASS
/Xlib17/XGetDefault/XGetDefault	5	FAIL
/Xlib17/XGetPixel	1	PASS
/Xlib17/XGetVisualInfo	1	PASS
/Xlib17/XGetVisualInfo	2	PASS
/Xlib17/XGetVisualInfo	3	UNTESTED
/Xlib17/XIntersectRegion	1	PASS
/Xlib17/XKeycodeToKeysym	1	PASS
/Xlib17/XKeycodeToKeysym	2	PASS
/Xlib17/XKeysymToKeycode	1	PASS
/Xlib17/XKeysymToKeycode	2	UNTESTED
/Xlib17/XKeysymToString	1	PASS
/Xlib17/XKeysymToString	2	PASS
/Xlib17/XLookupKeysym	1	PASS
/Xlib17/XLookupKeysym	2	PASS
/Xlib17/XLookupString	1	PASS
/Xlib17/XLookupString	2	PASS
/Xlib17/XLookupString	3	UNTESTED
/Xlib17/XMatchVisualInfo	1	PASS
/Xlib17/XMatchVisualInfo	2	PASS
/Xlib17/XOffsetRegion	1	PASS
/Xlib17/XParseGeometry	1	PASS
/Xlib17/XParseGeometry	2	PASS
/Xlib17/XParseGeometry	3	PASS
/Xlib17/XPointInRegion	1	PASS
/Xlib17/XPointInRegion	2	PASS
/Xlib17/XPolygonRegion	1	PASS
/Xlib17/XPutPixel	1	PASS
/Xlib17/XReadBitmapFile	1	PASS
/Xlib17/XReadBitmapFile	2	PASS
/Xlib17/XReadBitmapFile	3	PASS
/Xlib17/XReadBitmapFile	4	PASS
/Xlib17/XReadBitmapFile	5	PASS
/Xlib17/XReadBitmapFile	6	PASS
/Xlib17/XReadBitmapFile	7	UNTESTED
/Xlib17/XReadBitmapFile	8	UNTESTED
/Xlib17/XReadBitmapFile	9	PASS
/Xlib17/XRebindKeysym	1	FAIL
/Xlib17/XRebindKeysym	2	UNTESTED
/Xlib17/XRectInRegion	1	PASS
/Xlib17/XRectInRegion	2	PASS
/Xlib17/XRectInRegion	3	PASS
/Xlib17/XRefreshKeyboardMapping	1	PASS
/Xlib17/XRefreshKeyboardMapping	2	UNTESTED
/Xlib17/XRefreshKeyboardMapping	3	UNTESTED
/Xlib17/XRotateBuffers	1	PASS
/Xlib17/XRotateBuffers	2	PASS
/Xlib17/XSaveContext	1	PASS
/Xlib17/XSaveContext	2	PASS
/Xlib17/XSaveContext	3	UNTESTED
/Xlib17/XSetRegion	1	PASS
/Xlib17/XSetRegion	2	PASS
/Xlib17/XShrinkRegion	1	PASS
/Xlib17/XShrinkRegion	2	PASS
/Xlib17/XShrinkRegion	3	PASS
/Xlib17/XStoreBuffer	1	PASS
/Xlib17/XStoreBuffer	2	UNTESTED
/Xlib17/XStoreBytes	1	PASS
/Xlib17/XStoreBytes	2	UNTESTED
/Xlib17/XStringToKeysym	1	PASS
/Xlib17/XStringToKeysym	2	PASS
/Xlib17/XSubImage	1	PASS
/Xlib17/XSubtractRegion	1	PASS
/Xlib17/XUnionRectWithRegion	1	PASS
/Xlib17/XUnionRegion	1	PASS
/Xlib17/XUniqueContext	1	PASS
/Xlib17/XWMGeometry	1	PASS
/Xlib17/XWMGeometry	2	PASS
/Xlib17/XWMGeometry	3	PASS
/Xlib17/XWMGeometry	4	PASS
/Xlib17/XWMGeometry	5	PASS
/Xlib17/XWMGeometry	6	PASS
/Xlib17/XWMGeometry	7	PASS
/Xlib17/XWMGeometry	8	PASS
/Xlib17/XWMGeometry	9	PASS
/Xlib17/XWriteBitmapFile	1	PASS
/Xlib17/XWriteBitmapFile	2	PASS
/Xlib17/XWriteBitmapFile	3	PASS
/Xlib17/XWriteBitmapFile	4	UNTESTED
/Xlib17/XWriteBitmapFile	5	PASS
/Xlib17/XWriteBitmapFile	6	PASS
/Xlib17/XXorRegion	1	PASS
/Xlib17/Xpermalloc	1	PASS
/Xlib17/Xpermalloc	2	UNTESTED
/Xlib3/XAllPlanes	1	PASS
/Xlib3/XAllPlanes	2	PASS
/Xlib3/XBitmapBitOrder	1	PASS
/Xlib3/XBitmapBitOrder_m	1	PASS
/Xlib3/XBitmapPad	1	PASS
/Xlib3/XBitmapPad_m	1	PASS
/Xlib3/XBitmapUnit	1	PASS
/Xlib3/XBitmapUnit_m	1	PASS
/Xlib3/XBlackPixel	1	PASS
/Xlib3/XBlackPixelOfScreen	1	PASS
/Xlib3/XBlackPixelOfScreen_m	1	PASS
/Xlib3/XBlackPixel_m	1	PASS
/Xlib3/XCellsOfScreen	1	PASS
/Xlib3/XCellsOfScreen_m	1	PASS
/Xlib3/XCloseDisplay	1	UNTESTED
/Xlib3/XCloseDisplay	10	UNTESTED
/Xlib3/XCloseDisplay	11	PASS
/Xlib3/XCloseDisplay	12	PASS
/Xlib3/XCloseDisplay	13	PASS
/Xlib3/XCloseDisplay	14	FAIL
/Xlib3/XCloseDisplay	15	FAIL
/Xlib3/XCloseDisplay	16	FAIL
/Xlib3/XCloseDisplay	17	UNTESTED
/Xlib3/XCloseDisplay	18	UNTESTED
/Xlib3/XCloseDisplay	19	FAIL
/Xlib3/XCloseDisplay	2	PASS
/Xlib3/XCloseDisplay	20	FAIL
/Xlib3/XCloseDisplay	21	PASS
/Xlib3/XCloseDisplay	22	PASS
/Xlib3/XCloseDisplay	23	PASS
/Xlib3/XCloseDisplay	24	UNTESTED
/Xlib3/XCloseDisplay	25	UNTESTED
/Xlib3/XCloseDisplay	26	UNTESTED
/Xlib3/XCloseDisplay	27	UNTESTED
/Xlib3/XCloseDisplay	28	PASS
/Xlib3/XCloseDisplay	29	PASS
/Xlib3/XCloseDisplay	3	PASS
/Xlib3/XCloseDisplay	4	PASS
/Xlib3/XCloseDisplay	5	PASS
/Xlib3/XCloseDisplay	6	PASS
/Xlib3/XCloseDisplay	7	UNTESTED
/Xlib3/XCloseDisplay	8	PASS
/Xlib3/XCloseDisplay	9	UNTESTED
/Xlib3/XConnectionNumber	1	PASS
/Xlib3/XConnectionNumber_m	1	PASS
/Xlib3/XDefaultColormap	1	PASS
/Xlib3/XDefaultColormapOfScreen	1	PASS
/Xlib3/XDefaultColormapOfScreen_m	1	PASS
/Xlib3/XDefaultColormap_m	1	PASS
/Xlib3/XDefaultDepth	1	PASS
/Xlib3/XDefaultDepthOfScreen	1	PASS
/Xlib3/XDefaultDepthOfScreen_m	1	PASS
/Xlib3/XDefaultDepth_m	1	PASS
/Xlib3/XDefaultGC	1	UNTESTED
/Xlib3/XDefaultGCOfScreen	1	UNTESTED
/Xlib3/XDefaultGCOfScreen	2	PASS
/Xlib3/XDefaultGCOfScreen_m	1	UNTESTED
/Xlib3/XDefaultGCOfScreen_m	2	PASS
/Xlib3/XDefaultGC_m	1	UNTESTED
/Xlib3/XDefaultRootWindow	1	PASS
/Xlib3/XDefaultRootWindow_m	1	PASS
/Xlib3/XDefaultScreen	1	PASS
/Xlib3/XDefaultScreenOfDisplay	1	PASS
/Xlib3/XDefaultScreenOfDisplay_m	1	PASS
/Xlib3/XDefaultScreen_m	1	PASS
/Xlib3/XDefaultVisual	1	PASS
/Xlib3/XDefaultVisualOfScreen	1	PASS
/Xlib3/XDefaultVisualOfScreen_m	1	PASS
/Xlib3/XDefaultVisual_m	1	PASS
/Xlib3/XDisplayCells	1	PASS
/Xlib3/XDisplayCells_m	1	PASS
/Xlib3/XDisplayHeight	1	PASS
/Xlib3/XDisplayHeightMM	1	PASS
/Xlib3/XDisplayHeightMM_m	1	PASS
/Xlib3/XDisplayHeight_m	1	PASS
/Xlib3/XDisplayOfScreen	1	PASS
/Xlib3/XDisplayOfScreen_m	1	PASS
/Xlib3/XDisplayPlanes	1	PASS
/Xlib3/XDisplayPlanes_m	1	PASS
/Xlib3/XDisplayString/XDisplayString	1	PASS
/Xlib3/XDisplayString/XDisplayString	2	PASS
/Xlib3/XDisplayString/XDisplayString_m	1	PASS
/Xlib3/XDisplayString/XDisplayString_m	2	PASS
/Xlib3/XDisplayWidth	1	PASS
/Xlib3/XDisplayWidthMM	1	PASS
/Xlib3/XDisplayWidthMM_m	1	PASS
/Xlib3/XDisplayWidth_m	1	PASS
/Xlib3/XDoesBackingStore	1	FAIL
/Xlib3/XDoesBackingStore_m	1	FAIL
/Xlib3/XDoesSaveUnders	1	PASS
/Xlib3/XDoesSaveUnders_m	1	PASS
/Xlib3/XEventMaskOfScreen	1	PASS
/Xlib3/XEventMaskOfScreen_m	1	PASS
/Xlib3/XFree	1	NOTINUSE
/Xlib3/XHeightMMOfScreen	1	PASS
/Xlib3/XHeightMMOfScreen_m	1	PASS
/Xlib3/XHeightOfScreen	1	PASS
/Xlib3/XHeightOfScreen_m	1	PASS
/Xlib3/XImageByteOrder	1	PASS
/Xlib3/XImageByteOrder_m	1	PASS
/Xlib3/XLastKnownRequestProcessed	1	UNTESTED
/Xlib3/XLastKnownRequestProcessed_m	1	UNTESTED
/Xlib3/XListDepths	1	PASS
/Xlib3/XListDepths	2	PASS
/Xlib3/XListDepths	3	UNTESTED
/Xlib3/XListPixmapFormats	1	PASS
/Xlib3/XListPixmapFormats	2	UNTESTED
/Xlib3/XMaxCmapsOfScreen	1	UNTESTED
/Xlib3/XMaxCmapsOfScreen_m	1	UNTESTED
/Xlib3/XMinCmapsOfScreen	1	FAIL
/Xlib3/XMinCmapsOfScreen_m	1	FAIL
/Xlib3/XNextRequest	1	UNTESTED
/Xlib3/XNextRequest	2	UNTESTED
/Xlib3/XNextRequest_m	1	UNTESTED
/Xlib3/XNextRequest_m	2	UNTESTED
/Xlib3/XNoOp	1	UNTESTED
/Xlib3/XOpenDisplay/XOpenDisplay	1	UNSUPPORTED
/Xlib3/XOpenDisplay/XOpenDisplay	10	FAIL
/Xlib3/XOpenDisplay/XOpenDisplay	2	UNSUPPORTED
/Xlib3/XOpenDisplay/XOpenDisplay	3	UNSUPPORTED
/Xlib3/XOpenDisplay/XOpenDisplay	4	UNSUPPORTED
/Xlib3/XOpenDisplay/XOpenDisplay	5	PASS
/Xlib3/XOpenDisplay/XOpenDisplay	6	UNSUPPORTED
/Xlib3/XOpenDisplay/XOpenDisplay	7	UNSUPPORTED
/Xlib3/XOpenDisplay/XOpenDisplay	8	PASS
/Xlib3/XOpenDisplay/XOpenDisplay	9	PASS
/Xlib3/XPlanesOfScreen	1	PASS
/Xlib3/XPlanesOfScreen_m	1	PASS
/Xlib3/XProtocolRevision	1	PASS
/Xlib3/XProtocolRevision_m	1	PASS
/Xlib3/XProtocolVersion	1	PASS
/Xlib3/XProtocolVersion_m	1	PASS
/Xlib3/XQLength	1	PASS
/Xlib3/XQLength_m	1	PASS
/Xlib3/XRootWindow	1	PASS
/Xlib3/XRootWindowOfScreen	1	PASS
/Xlib3/XRootWindowOfScreen_m	1	PASS
/Xlib3/XRootWindow_m	1	PASS
/Xlib3/XScreenCount	1	PASS
/Xlib3/XScreenCount_m	1	PASS
/Xlib3/XScreenNumberOfScreen	1	PASS
/Xlib3/XScreenOfDisplay	1	PASS
/Xlib3/XScreenOfDisplay_m	1	PASS
/Xlib3/XServerVendor	1	PASS
/Xlib3/XServerVendor_m	1	PASS
/Xlib3/XSetCloseDownMode	1	PASS
/Xlib3/XSetCloseDownMode	2	PASS
/Xlib3/XSetCloseDownMode	3	PASS
/Xlib3/XSetCloseDownMode	4	PASS
/Xlib3/XSetCloseDownMode	5	PASS
/Xlib3/XSetCloseDownMode	6	PASS
/Xlib3/XSetCloseDownMode	7	PASS
/Xlib3/XVendorRelease	1	PASS
/Xlib3/XVendorRelease_m	1	PASS
/Xlib3/XWhitePixel	1	PASS
/Xlib3/XWhitePixelOfScreen	1	PASS
/Xlib3/XWhitePixelOfScreen_m	1	PASS
/Xlib3/XWhitePixel_m	1	PASS
/Xlib3/XWidthMMOfScreen	1	PASS
/Xlib3/XWidthMMOfScreen_m	1	PASS
/Xlib3/XWidthOfScreen	1	PASS
/Xlib3/XWidthOfScreen_m	1	PASS
/Xlib4/XChangeWindowAttributes/XChangeWindowAttributes	1	PASS
/Xlib4/XChangeWindowAttributes/XChangeWindowAttributes	10	PASS
/Xlib4/XChangeWindowAttributes/XChangeWindowAttributes	11	UNTESTED
/Xlib4/XChangeWindowAttributes/XChangeWindowAttributes	12	PASS
/Xlib4/XChangeWindowAttributes/XChangeWindowAttributes	13	PASS
/Xlib4/XChangeWindowAttributes/XChangeWindowAttributes	14	PASS
/Xlib4/XChangeWindowAttributes/XChangeWindowAttributes	15	PASS
/Xlib4/XChangeWindowAttributes/XChangeWindowAttributes	16	PASS
/Xlib4/XChangeWindowAttributes/XChangeWindowAttributes	17	PASS
/Xlib4/XChangeWindowAttributes/XChangeWindowAttributes	18	PASS
/Xlib4/XChangeWindowAttributes/XChangeWindowAttributes	19	PASS
/Xlib4/XChangeWindowAttributes/XChangeWindowAttributes	2	PASS
/Xlib4/XChangeWindowAttributes/XChangeWindowAttributes	20	PASS
/Xlib4/XChangeWindowAttributes/XChangeWindowAttributes	21	PASS
/Xlib4/XChangeWindowAttributes/XChangeWindowAttributes	22	PASS
/Xlib4/XChangeWindowAttributes/XChangeWindowAttributes	23	PASS
/Xlib4/XChangeWindowAttributes/XChangeWindowAttributes	24	PASS
/Xlib4/XChangeWindowAttributes/XChangeWindowAttributes	25	PASS
/Xlib4/XChangeWindowAttributes/XChangeWindowAttributes	26	PASS
/Xlib4/XChangeWindowAttributes/XChangeWindowAttributes	27	PASS
/Xlib4/XChangeWindowAttributes/XChangeWindowAttributes	28	UNSUPPORTED
/Xlib4/XChangeWindowAttributes/XChangeWindowAttributes	29	PASS
/Xlib4/XChangeWindowAttributes/XChangeWindowAttributes	3	PASS
/Xlib4/XChangeWindowAttributes/XChangeWindowAttributes	30	UNSUPPORTED
/Xlib4/XChangeWindowAttributes/XChangeWindowAttributes	31	PASS
/Xlib4/XChangeWindowAttributes/XChangeWindowAttributes	32	PASS
/Xlib4/XChangeWindowAttributes/XChangeWindowAttributes	33	NOTINUSE
/Xlib4/XChangeWindowAttributes/XChangeWindowAttributes	34	PASS
/Xlib4/XChangeWindowAttributes/XChangeWindowAttributes	35	PASS
/Xlib4/XChangeWindowAttributes/XChangeWindowAttributes	36	PASS
/Xlib4/XChangeWindowAttributes/XChangeWindowAttributes	37	PASS
/Xlib4/XChangeWindowAttributes/XChangeWindowAttributes	38	PASS
/Xlib4/XChangeWindowAttributes/XChangeWindowAttributes	39	PASS
/Xlib4/XChangeWindowAttributes/XChangeWindowAttributes	4	UNTESTED
/Xlib4/XChangeWindowAttributes/XChangeWindowAttributes	40	PASS
/Xlib4/XChangeWindowAttributes/XChangeWindowAttributes	41	PASS
/Xlib4/XChangeWindowAttributes/XChangeWindowAttributes	42	PASS
/Xlib4/XChangeWindowAttributes/XChangeWindowAttributes	43	PASS
/Xlib4/XChangeWindowAttributes/XChangeWindowAttributes	44	PASS
/Xlib4/XChangeWindowAttributes/XChangeWindowAttributes	45	PASS
/Xlib4/XChangeWindowAttributes/XChangeWindowAttributes	46	PASS
/Xlib4/XChangeWindowAttributes/XChangeWindowAttributes	5	UNTESTED
/Xlib4/XChangeWindowAttributes/XChangeWindowAttributes	6	UNTESTED
/Xlib4/XChangeWindowAttributes/XChangeWindowAttributes	7	PASS
/Xlib4/XChangeWindowAttributes/XChangeWindowAttributes	8	PASS
/Xlib4/XChangeWindowAttributes/XChangeWindowAttributes	9	PASS
/Xlib4/XCirculateSubwindows/XCirculateSubwindows	1	PASS
/Xlib4/XCirculateSubwindows/XCirculateSubwindows	2	PASS
/Xlib4/XCirculateSubwindows/XCirculateSubwindows	3	PASS
/Xlib4/XCirculateSubwindows/XCirculateSubwindows	4	PASS
/Xlib4/XCirculateSubwindows/XCirculateSubwindows	5	PASS
/Xlib4/XCirculateSubwindows/XCirculateSubwindows	6	PASS
/Xlib4/XCirculateSubwindows/XCirculateSubwindows	7	PASS
/Xlib4/XCirculateSubwindowsDown/XCirculateSubwindowsDown	1	PASS
/Xlib4/XCirculateSubwindowsDown/XCirculateSubwindowsDown	2	PASS
/Xlib4/XCirculateSubwindowsDown/XCirculateSubwindowsDown	3	PASS
/Xlib4/XCirculateSubwindowsDown/XCirculateSubwindowsDown	4	PASS
/Xlib4/XCirculateSubwindowsDown/XCirculateSubwindowsDown	5	PASS
/Xlib4/XCirculateSubwindowsUp/XCirculateSubwindowsUp	1	PASS
/Xlib4/XCirculateSubwindowsUp/XCirculateSubwindowsUp	2	PASS
/Xlib4/XCirculateSubwindowsUp/XCirculateSubwindowsUp	3	PASS
/Xlib4/XCirculateSubwindowsUp/XCirculateSubwindowsUp	4	PASS
/Xlib4/XCirculateSubwindowsUp/XCirculateSubwindowsUp	5	PASS
/Xlib4/XConfigureWindow/XConfigureWindow	1	PASS
/Xlib4/XConfigureWindow/XConfigureWindow	10	PASS
/Xlib4/XConfigureWindow/XConfigureWindow	11	PASS
/Xlib4/XConfigureWindow/XConfigureWindow	12	PASS
/Xlib4/XConfigureWindow/XConfigureWindow	13	PASS
/Xlib4/XConfigureWindow/XConfigureWindow	14	PASS
/Xlib4/XConfigureWindow/XConfigureWindow	15	PASS
/Xlib4/XConfigureWindow/XConfigureWindow	16	PASS
/Xlib4/XConfigureWindow/XConfigureWindow	17	PASS
/Xlib4/XConfigureWindow/XConfigureWindow	18	PASS
/Xlib4/XConfigureWindow/XConfigureWindow	19	PASS
/Xlib4/XConfigureWindow/XConfigureWindow	2	PASS
/Xlib4/XConfigureWindow/XConfigureWindow	20	NOTINUSE
/Xlib4/XConfigureWindow/XConfigureWindow	21	PASS
/Xlib4/XConfigureWindow/XConfigureWindow	22	PASS
/Xlib4/XConfigureWindow/XConfigureWindow	23	PASS
/Xlib4/XConfigureWindow/XConfigureWindow	24	PASS
/Xlib4/XConfigureWindow/XConfigureWindow	25	PASS
/Xlib4/XConfigureWindow/XConfigureWindow	26	PASS
/Xlib4/XConfigureWindow/XConfigureWindow	27	PASS
/Xlib4/XConfigureWindow/XConfigureWindow	28	PASS
/Xlib4/XConfigureWindow/XConfigureWindow	29	UNTESTED
/Xlib4/XConfigureWindow/XConfigureWindow	3	PASS
/Xlib4/XConfigureWindow/XConfigureWindow	30	PASS
/Xlib4/XConfigureWindow/XConfigureWindow	31	PASS
/Xlib4/XConfigureWindow/XConfigureWindow	32	PASS
/Xlib4/XConfigureWindow/XConfigureWindow	33	PASS
/Xlib4/XConfigureWindow/XConfigureWindow	34	PASS
/Xlib4/XConfigureWindow/XConfigureWindow	4	PASS
/Xlib4/XConfigureWindow/XConfigureWindow	5	PASS
/Xlib4/XConfigureWindow/XConfigureWindow	6	PASS
/Xlib4/XConfigureWindow/XConfigureWindow	7	PASS
/Xlib4/XConfigureWindow/XConfigureWindow	8	PASS
/Xlib4/XConfigureWindow/XConfigureWindow	9	PASS
/Xlib4/XCreateSimpleWindow/XCreateSimpleWindow	1	PASS
/Xlib4/XCreateSimpleWindow/XCreateSimpleWindow	10	PASS
/Xlib4/XCreateSimpleWindow/XCreateSimpleWindow	11	PASS
/Xlib4/XCreateSimpleWindow/XCreateSimpleWindow	12	PASS
/Xlib4/XCreateSimpleWindow/XCreateSimpleWindow	2	PASS
/Xlib4/XCreateSimpleWindow/XCreateSimpleWindow	3	PASS
/Xlib4/XCreateSimpleWindow/XCreateSimpleWindow	4	PASS
/Xlib4/XCreateSimpleWindow/XCreateSimpleWindow	5	PASS
/Xlib4/XCreateSimpleWindow/XCreateSimpleWindow	6	PASS
/Xlib4/XCreateSimpleWindow/XCreateSimpleWindow	7	PASS
/Xlib4/XCreateSimpleWindow/XCreateSimpleWindow	8	PASS
/Xlib4/XCreateSimpleWindow/XCreateSimpleWindow	9	UNTESTED
/Xlib4/XCreateWindow/XCreateWindow	1	PASS
/Xlib4/XCreateWindow/XCreateWindow	10	PASS
/Xlib4/XCreateWindow/XCreateWindow	11	PASS
/Xlib4/XCreateWindow/XCreateWindow	12	PASS
/Xlib4/XCreateWindow/XCreateWindow	13	PASS
/Xlib4/XCreateWindow/XCreateWindow	14	PASS
/Xlib4/XCreateWindow/XCreateWindow	15	PASS
/Xlib4/XCreateWindow/XCreateWindow	16	PASS
/Xlib4/XCreateWindow/XCreateWindow	17	PASS
/Xlib4/XCreateWindow/XCreateWindow	18	PASS
/Xlib4/XCreateWindow/XCreateWindow	19	PASS
/Xlib4/XCreateWindow/XCreateWindow	2	PASS
/Xlib4/XCreateWindow/XCreateWindow	20	PASS
/Xlib4/XCreateWindow/XCreateWindow	21	PASS
/Xlib4/XCreateWindow/XCreateWindow	22	PASS
/Xlib4/XCreateWindow/XCreateWindow	23	PASS
/Xlib4/XCreateWindow/XCreateWindow	24	PASS
/Xlib4/XCreateWindow/XCreateWindow	25	PASS
/Xlib4/XCreateWindow/XCreateWindow	26	UNSUPPORTED
/Xlib4/XCreateWindow/XCreateWindow	27	PASS
/Xlib4/XCreateWindow/XCreateWindow	28	UNSUPPORTED
/Xlib4/XCreateWindow/XCreateWindow	29	PASS
/Xlib4/XCreateWindow/XCreateWindow	3	PASS
/Xlib4/XCreateWindow/XCreateWindow	30	PASS
/Xlib4/XCreateWindow/XCreateWindow	31	PASS
/Xlib4/XCreateWindow/XCreateWindow	32	PASS
/Xlib4/XCreateWindow/XCreateWindow	33	PASS
/Xlib4/XCreateWindow/XCreateWindow	34	PASS
/Xlib4/XCreateWindow/XCreateWindow	35	PASS
/Xlib4/XCreateWindow/XCreateWindow	36	PASS
/Xlib4/XCreateWindow/XCreateWindow	37	PASS
/Xlib4/XCreateWindow/XCreateWindow	38	PASS
/Xlib4/XCreateWindow/XCreateWindow	39	PASS
/Xlib4/XCreateWindow/XCreateWindow	4	PASS
/Xlib4/XCreateWindow/XCreateWindow	40	PASS
/Xlib4/XCreateWindow/XCreateWindow	41	PASS
/Xlib4/XCreateWindow/XCreateWindow	42	PASS
/Xlib4/XCreateWindow/XCreateWindow	43	PASS
/Xlib4/XCreateWindow/XCreateWindow	44	PASS
/Xlib4/XCreateWindow/XCreateWindow	45	UNTESTED
/Xlib4/XCreateWindow/XCreateWindow	46	PASS
/Xlib4/XCreateWindow/XCreateWindow	47	UNTESTED
/Xlib4/XCreateWindow/XCreateWindow	48	PASS
/Xlib4/XCreateWindow/XCreateWindow	49	UNTESTED
/Xlib4/XCreateWindow/XCreateWindow	5	PASS
/Xlib4/XCreateWindow/XCreateWindow	6	PASS
/Xlib4/XCreateWindow/XCreateWindow	7	PASS
/Xlib4/XCreateWindow/XCreateWindow	8	PASS
/Xlib4/XCreateWindow/XCreateWindow	9	PASS
/Xlib4/XDefineCursor	1	PASS
/Xlib4/XDefineCursor	2	UNTESTED
/Xlib4/XDefineCursor	3	PASS
/Xlib4/XDefineCursor	4	PASS
/Xlib4/XDefineCursor	5	PASS
/Xlib4/XDefineCursor	6	PASS
/Xlib4/XDestroySubwindows	1	PASS
/Xlib4/XDestroySubwindows	2	PASS
/Xlib4/XDestroySubwindows	3	PASS
/Xlib4/XDestroySubwindows	4	PASS
/Xlib4/XDestroySubwindows	5	PASS
/Xlib4/XDestroyWindow	1	PASS
/Xlib4/XDestroyWindow	2	PASS
/Xlib4/XDestroyWindow	3	PASS
/Xlib4/XDestroyWindow	4	PASS
/Xlib4/XDestroyWindow	5	PASS
/Xlib4/XDestroyWindow	6	PASS
/Xlib4/XLowerWindow/XLowerWindow	1	PASS
/Xlib4/XLowerWindow/XLowerWindow	2	PASS
/Xlib4/XLowerWindow/XLowerWindow	3	PASS
/Xlib4/XLowerWindow/XLowerWindow	4	PASS
/Xlib4/XMapRaised/XMapRaised	1	PASS
/Xlib4/XMapRaised/XMapRaised	10	PASS
/Xlib4/XMapRaised/XMapRaised	11	UNTESTED
/Xlib4/XMapRaised/XMapRaised	12	UNSUPPORTED
/Xlib4/XMapRaised/XMapRaised	13	PASS
/Xlib4/XMapRaised/XMapRaised	14	PASS
/Xlib4/XMapRaised/XMapRaised	15	PASS
/Xlib4/XMapRaised/XMapRaised	2	NOTINUSE
/Xlib4/XMapRaised/XMapRaised	3	PASS
/Xlib4/XMapRaised/XMapRaised	4	PASS
/Xlib4/XMapRaised/XMapRaised	5	PASS
/Xlib4/XMapRaised/XMapRaised	6	PASS
/Xlib4/XMapRaised/XMapRaised	7	PASS
/Xlib4/XMapRaised/XMapRaised	8	PASS
/Xlib4/XMapRaised/XMapRaised	9	PASS
/Xlib4/XMapSubwindows/XMapSubwindows	1	PASS
/Xlib4/XMapSubwindows/XMapSubwindows	10	UNTESTED
/Xlib4/XMapSubwindows/XMapSubwindows	11	UNSUPPORTED
/Xlib4/XMapSubwindows/XMapSubwindows	12	PASS
/Xlib4/XMapSubwindows/XMapSubwindows	13	PASS
/Xlib4/XMapSubwindows/XMapSubwindows	14	PASS
/Xlib4/XMapSubwindows/XMapSubwindows	2	NOTINUSE
/Xlib4/XMapSubwindows/XMapSubwindows	3	PASS
/Xlib4/XMapSubwindows/XMapSubwindows	4	PASS
/Xlib4/XMapSubwindows/XMapSubwindows	5	PASS
/Xlib4/XMapSubwindows/XMapSubwindows	6	PASS
/Xlib4/XMapSubwindows/XMapSubwindows	7	PASS
/Xlib4/XMapSubwindows/XMapSubwindows	8	PASS
/Xlib4/XMapSubwindows/XMapSubwindows	9	PASS
/Xlib4/XMapWindow/XMapWindow	1	PASS
/Xlib4/XMapWindow/XMapWindow	10	PASS
/Xlib4/XMapWindow/XMapWindow	11	UNTESTED
/Xlib4/XMapWindow/XMapWindow	12	UNSUPPORTED
/Xlib4/XMapWindow/XMapWindow	13	PASS
/Xlib4/XMapWindow/XMapWindow	14	PASS
/Xlib4/XMapWindow/XMapWindow	15	PASS
/Xlib4/XMapWindow/XMapWindow	2	NOTINUSE
/Xlib4/XMapWindow/XMapWindow	3	PASS
/Xlib4/XMapWindow/XMapWindow	4	PASS
/Xlib4/XMapWindow/XMapWindow	5	PASS
/Xlib4/XMapWindow/XMapWindow	6	PASS
/Xlib4/XMapWindow/XMapWindow	7	PASS
/Xlib4/XMapWindow/XMapWindow	8	PASS
/Xlib4/XMapWindow/XMapWindow	9	PASS
/Xlib4/XMoveResizeWindow/XMoveResizeWindow	1	PASS
/Xlib4/XMoveResizeWindow/XMoveResizeWindow	10	PASS
/Xlib4/XMoveResizeWindow/XMoveResizeWindow	11	PASS
/Xlib4/XMoveResizeWindow/XMoveResizeWindow	12	PASS
/Xlib4/XMoveResizeWindow/XMoveResizeWindow	13	UNTESTED
/Xlib4/XMoveResizeWindow/XMoveResizeWindow	14	PASS
/Xlib4/XMoveResizeWindow/XMoveResizeWindow	15	PASS
/Xlib4/XMoveResizeWindow/XMoveResizeWindow	2	FAIL
/Xlib4/XMoveResizeWindow/XMoveResizeWindow	3	PASS
/Xlib4/XMoveResizeWindow/XMoveResizeWindow	4	PASS
/Xlib4/XMoveResizeWindow/XMoveResizeWindow	5	PASS
/Xlib4/XMoveResizeWindow/XMoveResizeWindow	6	PASS
/Xlib4/XMoveResizeWindow/XMoveResizeWindow	7	PASS
/Xlib4/XMoveResizeWindow/XMoveResizeWindow	8	PASS
/Xlib4/XMoveResizeWindow/XMoveResizeWindow	9	PASS
/Xlib4/XMoveWindow	1	PASS
/Xlib4/XMoveWindow	2	PASS
/Xlib4/XMoveWindow	3	UNTESTED
/Xlib4/XMoveWindow	4	PASS
/Xlib4/XMoveWindow	5	PASS
/Xlib4/XMoveWindow	6	PASS
/Xlib4/XMoveWindow	7	PASS
/Xlib4/XMoveWindow	8	PASS
/Xlib4/XRaiseWindow/XRaiseWindow	1	PASS
/Xlib4/XRaiseWindow/XRaiseWindow	2	PASS
/Xlib4/XRaiseWindow/XRaiseWindow	3	PASS
/Xlib4/XRaiseWindow/XRaiseWindow	4	PASS
/Xlib4/XResizeWindow/XResizeWindow	1	PASS
/Xlib4/XResizeWindow/XResizeWindow	10	PASS
/Xlib4/XResizeWindow/XResizeWindow	11	PASS
/Xlib4/XResizeWindow/XResizeWindow	12	PASS
/Xlib4/XResizeWindow/XResizeWindow	13	PASS
/Xlib4/XResizeWindow/XResizeWindow	2	PASS
/Xlib4/XResizeWindow/XResizeWindow	3	PASS
/Xlib4/XResizeWindow/XResizeWindow	4	PASS
/Xlib4/XResizeWindow/XResizeWindow	5	PASS
/Xlib4/XResizeWindow/XResizeWindow	6	PASS
/Xlib4/XResizeWindow/XResizeWindow	7	PASS
/Xlib4/XResizeWindow/XResizeWindow	8	PASS
/Xlib4/XResizeWindow/XResizeWindow	9	PASS
/Xlib4/XRestackWindows/XRestackWindows	1	PASS
/Xlib4/XRestackWindows/XRestackWindows	2	PASS
/Xlib4/XRestackWindows/XRestackWindows	3	PASS
/Xlib4/XRestackWindows/XRestackWindows	4	PASS
/Xlib4/XRestackWindows/XRestackWindows	5	PASS
/Xlib4/XRestackWindows/XRestackWindows	6	PASS
/Xlib4/XSetWindowBackground	1	PASS
/Xlib4/XSetWindowBackground	2	PASS
/Xlib4/XSetWindowBackground	3	PASS
/Xlib4/XSetWindowBackground	4	PASS
/Xlib4/XSetWindowBackgroundPixmap	1	PASS
/Xlib4/XSetWindowBackgroundPixmap	10	PASS
/Xlib4/XSetWindowBackgroundPixmap	11	PASS
/Xlib4/XSetWindowBackgroundPixmap	2	PASS
/Xlib4/XSetWindowBackgroundPixmap	3	UNTESTED
/Xlib4/XSetWindowBackgroundPixmap	4	PASS
/Xlib4/XSetWindowBackgroundPixmap	5	UNTESTED
/Xlib4/XSetWindowBackgroundPixmap	6	PASS
/Xlib4/XSetWindowBackgroundPixmap	7	PASS
/Xlib4/XSetWindowBackgroundPixmap	8	UNSUPPORTED
/Xlib4/XSetWindowBackgroundPixmap	9	PASS
/Xlib4/XSetWindowBorder	1	PASS
/Xlib4/XSetWindowBorder	2	PASS
/Xlib4/XSetWindowBorder	3	PASS
/Xlib4/XSetWindowBorder	4	PASS
/Xlib4/XSetWindowBorder	5	PASS
/Xlib4/XSetWindowBorderPixmap/XSetWindowBorderPixmap	1	PASS
/Xlib4/XSetWindowBorderPixmap/XSetWindowBorderPixmap	2	PASS
/Xlib4/XSetWindowBorderPixmap/XSetWindowBorderPixmap	3	PASS
/Xlib4/XSetWindowBorderPixmap/XSetWindowBorderPixmap	4	UNTESTED
/Xlib4/XSetWindowBorderPixmap/XSetWindowBorderPixmap	5	PASS
/Xlib4/XSetWindowBorderPixmap/XSetWindowBorderPixmap	6	PASS
/Xlib4/XSetWindowBorderPixmap/XSetWindowBorderPixmap	7	PASS
/Xlib4/XSetWindowBorderPixmap/XSetWindowBorderPixmap	8	PASS
/Xlib4/XSetWindowBorderPixmap/XSetWindowBorderPixmap	9	PASS
/Xlib4/XSetWindowBorderWidth/XSetWindowBorderWidth	1	PASS
/Xlib4/XSetWindowBorderWidth/XSetWindowBorderWidth	2	UNTESTED
/Xlib4/XSetWindowBorderWidth/XSetWindowBorderWidth	3	PASS
/Xlib4/XSetWindowBorderWidth/XSetWindowBorderWidth	4	PASS
/Xlib4/XSetWindowBorderWidth/XSetWindowBorderWidth	5	PASS
/Xlib4/XSetWindowBorderWidth/XSetWindowBorderWidth	6	PASS
/Xlib4/XSetWindowBorderWidth/XSetWindowBorderWidth	7	PASS
/Xlib4/XSetWindowColormap	1	PASS
/Xlib4/XSetWindowColormap	2	PASS
/Xlib4/XSetWindowColormap	3	PASS
/Xlib4/XSetWindowColormap	4	PASS
/Xlib4/XUndefineCursor	1	PASS
/Xlib4/XUndefineCursor	2	UNTESTED
/Xlib4/XUndefineCursor	3	PASS
/Xlib4/XUnmapSubwindows	1	PASS
/Xlib4/XUnmapSubwindows	2	PASS
/Xlib4/XUnmapSubwindows	3	PASS
/Xlib4/XUnmapSubwindows	4	PASS
/Xlib4/XUnmapSubwindows	5	PASS
/Xlib4/XUnmapWindow	1	PASS
/Xlib4/XUnmapWindow	2	PASS
/Xlib4/XUnmapWindow	3	PASS
/Xlib4/XUnmapWindow	4	PASS
/Xlib4/XUnmapWindow	5	PASS
/Xlib4/XUnmapWindow	6	PASS
/Xlib4/XVisualIDFromVisual	1	PASS
/Xlib5/XChangeProperty	1	PASS
/Xlib5/XChangeProperty	10	PASS
/Xlib5/XChangeProperty	11	PASS
/Xlib5/XChangeProperty	12	PASS
/Xlib5/XChangeProperty	13	PASS
/Xlib5/XChangeProperty	2	PASS
/Xlib5/XChangeProperty	3	PASS
/Xlib5/XChangeProperty	4	PASS
/Xlib5/XChangeProperty	5	PASS
/Xlib5/XChangeProperty	6	PASS
/Xlib5/XChangeProperty	7	PASS
/Xlib5/XChangeProperty	8	PASS
/Xlib5/XChangeProperty	9	UNTESTED
/Xlib5/XConvertSelection	1	PASS
/Xlib5/XConvertSelection	2	PASS
/Xlib5/XConvertSelection	3	PASS
/Xlib5/XConvertSelection	4	PASS
/Xlib5/XConvertSelection	5	PASS
/Xlib5/XDeleteProperty	1	PASS
/Xlib5/XDeleteProperty	2	PASS
/Xlib5/XDeleteProperty	3	PASS
/Xlib5/XDeleteProperty	4	PASS
/Xlib5/XGetAtomName	1	PASS
/Xlib5/XGetAtomName	2	PASS
/Xlib5/XGetGeometry	1	PASS
/Xlib5/XGetGeometry	2	PASS
/Xlib5/XGetGeometry	3	PASS
/Xlib5/XGetGeometry	4	PASS
/Xlib5/XGetSelectionOwner	1	PASS
/Xlib5/XGetSelectionOwner	2	PASS
/Xlib5/XGetSelectionOwner	3	PASS
/Xlib5/XGetWindowAttributes	1	PASS
/Xlib5/XGetWindowAttributes	2	UNTESTED
/Xlib5/XGetWindowAttributes	3	PASS
/Xlib5/XGetWindowProperty	1	PASS
/Xlib5/XGetWindowProperty	10	PASS
/Xlib5/XGetWindowProperty	2	PASS
/Xlib5/XGetWindowProperty	3	PASS
/Xlib5/XGetWindowProperty	4	PASS
/Xlib5/XGetWindowProperty	5	PASS
/Xlib5/XGetWindowProperty	6	PASS
/Xlib5/XGetWindowProperty	7	PASS
/Xlib5/XGetWindowProperty	8	PASS
/Xlib5/XGetWindowProperty	9	PASS
/Xlib5/XInternAtom	1	PASS
/Xlib5/XInternAtom	2	PASS
/Xlib5/XInternAtom	3	PASS
/Xlib5/XInternAtom	4	PASS
/Xlib5/XInternAtom	5	PASS
/Xlib5/XInternAtom	6	FAIL
/Xlib5/XInternAtom	7	UNTESTED
/Xlib5/XInternAtom	8	PASS
/Xlib5/XListProperties	1	PASS
/Xlib5/XListProperties	2	PASS
/Xlib5/XListProperties	3	PASS
/Xlib5/XQueryPointer	1	PASS
/Xlib5/XQueryPointer	2	UNSUPPORTED
/Xlib5/XQueryPointer	3	PASS
/Xlib5/XQueryPointer	4	PASS
/Xlib5/XQueryPointer	5	UNTESTED
/Xlib5/XQueryPointer	6	PASS
/Xlib5/XQueryTree	1	PASS
/Xlib5/XQueryTree	2	PASS
/Xlib5/XQueryTree	3	PASS
/Xlib5/XRotateWindowProperties	1	PASS
/Xlib5/XRotateWindowProperties	2	PASS
/Xlib5/XRotateWindowProperties	3	PASS
/Xlib5/XRotateWindowProperties	4	PASS
/Xlib5/XRotateWindowProperties	5	PASS
/Xlib5/XRotateWindowProperties	6	PASS
/Xlib5/XSetSelectionOwner	1	PASS
/Xlib5/XSetSelectionOwner	2	PASS
/Xlib5/XSetSelectionOwner	3	PASS
/Xlib5/XSetSelectionOwner	4	PASS
/Xlib5/XSetSelectionOwner	5	PASS
/Xlib5/XSetSelectionOwner	6	PASS
/Xlib5/XSetSelectionOwner	7	UNTESTED
/Xlib5/XSetSelectionOwner	8	PASS
/Xlib5/XSetSelectionOwner	9	PASS
/Xlib5/XTranslateCoordinates	1	PASS
/Xlib5/XTranslateCoordinates	2	UNSUPPORTED
/Xlib5/XTranslateCoordinates	3	PASS
/Xlib5/XTranslateCoordinates	4	PASS
/Xlib5/XTranslateCoordinates	5	PASS
/Xlib6/XCreateFontCursor	1	UNTESTED
/Xlib6/XCreateFontCursor	2	PASS
/Xlib6/XCreateFontCursor	3	UNTESTED
/Xlib6/XCreateGlyphCursor	1	UNTESTED
/Xlib6/XCreateGlyphCursor	10	UNTESTED
/Xlib6/XCreateGlyphCursor	11	UNTESTED
/Xlib6/XCreateGlyphCursor	12	UNTESTED
/Xlib6/XCreateGlyphCursor	13	UNTESTED
/Xlib6/XCreateGlyphCursor	14	UNTESTED
/Xlib6/XCreateGlyphCursor	15	PASS
/Xlib6/XCreateGlyphCursor	16	PASS
/Xlib6/XCreateGlyphCursor	17	PASS
/Xlib6/XCreateGlyphCursor	2	UNTESTED
/Xlib6/XCreateGlyphCursor	3	UNTESTED
/Xlib6/XCreateGlyphCursor	4	UNTESTED
/Xlib6/XCreateGlyphCursor	5	UNTESTED
/Xlib6/XCreateGlyphCursor	6	UNTESTED
/Xlib6/XCreateGlyphCursor	7	UNTESTED
/Xlib6/XCreateGlyphCursor	8	UNTESTED
/Xlib6/XCreateGlyphCursor	9	UNTESTED
/Xlib6/XCreatePixmap	1	PASS
/Xlib6/XCreatePixmap	2	PASS
/Xlib6/XCreatePixmap	3	PASS
/Xlib6/XCreatePixmap	4	PASS
/Xlib6/XCreatePixmap	5	UNTESTED
/Xlib6/XCreatePixmap	6	PASS
/Xlib6/XCreatePixmapCursor	1	UNTESTED
/Xlib6/XCreatePixmapCursor	10	PASS
/Xlib6/XCreatePixmapCursor	11	PASS
/Xlib6/XCreatePixmapCursor	12	UNTESTED
/Xlib6/XCreatePixmapCursor	13	PASS
/Xlib6/XCreatePixmapCursor	2	UNTESTED
/Xlib6/XCreatePixmapCursor	3	UNTESTED
/Xlib6/XCreatePixmapCursor	4	UNTESTED
/Xlib6/XCreatePixmapCursor	5	UNTESTED
/Xlib6/XCreatePixmapCursor	6	UNTESTED
/Xlib6/XCreatePixmapCursor	7	UNTESTED
/Xlib6/XCreatePixmapCursor	8	PASS
/Xlib6/XCreatePixmapCursor	9	PASS
/Xlib6/XFreeCursor	1	UNTESTED
/Xlib6/XFreeCursor	2	UNTESTED
/Xlib6/XFreeCursor	3	PASS
/Xlib6/XFreePixmap	1	PASS
/Xlib6/XFreePixmap	2	PASS
/Xlib6/XFreePixmap	3	PASS
/Xlib6/XQueryBestCursor	1	UNTESTED
/Xlib6/XQueryBestCursor	2	PASS
/Xlib6/XRecolorCursor	1	UNTESTED
/Xlib6/XRecolorCursor	2	UNTESTED
/Xlib6/XRecolorCursor	3	PASS
/Xlib7/XAllocColor	1	PASS
/Xlib7/XAllocColor	2	PASS
/Xlib7/XAllocColor	3	PASS
/Xlib7/XAllocColor	4	PASS
/Xlib7/XAllocColor	5	UNTESTED
/Xlib7/XAllocColorCells	1	PASS
/Xlib7/XAllocColorCells	2	PASS
/Xlib7/XAllocColorCells	3	UNSUPPORTED
/Xlib7/XAllocColorCells	4	PASS
/Xlib7/XAllocColorCells	5	UNSUPPORTED
/Xlib7/XAllocColorCells	6	PASS
/Xlib7/XAllocColorCells	7	PASS
/Xlib7/XAllocColorCells	8	PASS
/Xlib7/XAllocColorCells	9	PASS
/Xlib7/XAllocColorPlanes	1	PASS
/Xlib7/XAllocColorPlanes	2	PASS
/Xlib7/XAllocColorPlanes	3	PASS
/Xlib7/XAllocColorPlanes	4	PASS
/Xlib7/XAllocColorPlanes	5	PASS
/Xlib7/XAllocColorPlanes	6	PASS
/Xlib7/XAllocColorPlanes	7	PASS
/Xlib7/XAllocNamedColor	1	PASS
/Xlib7/XAllocNamedColor	2	PASS
/Xlib7/XAllocNamedColor	3	PASS
/Xlib7/XAllocNamedColor	4	PASS
/Xlib7/XAllocNamedColor	5	PASS
/Xlib7/XAllocNamedColor	6	UNTESTED
/Xlib7/XCopyColormapAndFree	1	PASS
/Xlib7/XCopyColormapAndFree	2	PASS
/Xlib7/XCopyColormapAndFree	3	PASS
/Xlib7/XCopyColormapAndFree	4	UNTESTED
/Xlib7/XCopyColormapAndFree	5	PASS
/Xlib7/XCreateColormap	1	PASS
/Xlib7/XCreateColormap	10	PASS
/Xlib7/XCreateColormap	11	PASS
/Xlib7/XCreateColormap	12	PASS
/Xlib7/XCreateColormap	13	UNTESTED
/Xlib7/XCreateColormap	2	UNTESTED
/Xlib7/XCreateColormap	3	PASS
/Xlib7/XCreateColormap	4	PASS
/Xlib7/XCreateColormap	5	UNSUPPORTED
/Xlib7/XCreateColormap	6	PASS
/Xlib7/XCreateColormap	7	PASS
/Xlib7/XCreateColormap	8	PASS
/Xlib7/XCreateColormap	9	UNTESTED
/Xlib7/XFreeColormap	1	PASS
/Xlib7/XFreeColormap	2	PASS
/Xlib7/XFreeColormap	3	UNRESOLVED
/Xlib7/XFreeColormap	4	PASS
/Xlib7/XFreeColormap	5	PASS
/Xlib7/XFreeColors	1	PASS
/Xlib7/XFreeColors	2	PASS
/Xlib7/XFreeColors	3	PASS
/Xlib7/XFreeColors	4	PASS
/Xlib7/XFreeColors	5	PASS
/Xlib7/XFreeColors	6	FAIL
/Xlib7/XFreeColors	7	PASS
/Xlib7/XFreeColors	8	PASS
/Xlib7/XFreeColors	9	FAIL
/Xlib7/XLookupColor	1	PASS
/Xlib7/XLookupColor	2	PASS
/Xlib7/XLookupColor	3	PASS
/Xlib7/XLookupColor	4	PASS
/Xlib7/XParseColor	1	UNTESTED
/Xlib7/XParseColor	10	PASS
/Xlib7/XParseColor	2	PASS
/Xlib7/XParseColor	3	PASS
/Xlib7/XParseColor	4	PASS
/Xlib7/XParseColor	5	PASS
/Xlib7/XParseColor	6	PASS
/Xlib7/XParseColor	7	PASS
/Xlib7/XParseColor	8	PASS
/Xlib7/XParseColor	9	PASS
/Xlib7/XQueryColor	1	PASS
/Xlib7/XQueryColor	2	PASS
/Xlib7/XQueryColor	3	FAIL
/Xlib7/XQueryColors	1	PASS
/Xlib7/XQueryColors	2	FAIL
/Xlib7/XQueryColors	3	FAIL
/Xlib7/XStoreColor	1	PASS
/Xlib7/XStoreColor	2	PASS
/Xlib7/XStoreColor	3	UNTESTED
/Xlib7/XStoreColor	4	PASS
/Xlib7/XStoreColor	5	PASS
/Xlib7/XStoreColor	6	PASS
/Xlib7/XStoreColor	7	UNTESTED
/Xlib7/XStoreColor	8	PASS
/Xlib7/XStoreColors	1	PASS
/Xlib7/XStoreColors	2	PASS
/Xlib7/XStoreColors	3	UNTESTED
/Xlib7/XStoreColors	4	PASS
/Xlib7/XStoreColors	5	PASS
/Xlib7/XStoreColors	6	PASS
/Xlib7/XStoreColors	7	PASS
/Xlib7/XStoreColors	8	UNTESTED
/Xlib7/XStoreColors	9	PASS
/Xlib7/XStoreNamedColor	1	PASS
/Xlib7/XStoreNamedColor	2	PASS
/Xlib7/XStoreNamedColor	3	PASS
/Xlib7/XStoreNamedColor	4	PASS
/Xlib7/XStoreNamedColor	5	PASS
/Xlib7/XStoreNamedColor	6	PASS
/Xlib7/XStoreNamedColor	7	PASS
/Xlib7/XStoreNamedColor	8	UNTESTED
/Xlib7/XStoreNamedColor	9	UNTESTED
/Xlib7/XcmsAddColorSpace	1	PASS
/Xlib7/XcmsAddFunctionSet	1	PASS
/Xlib7/XcmsAllocColor	1	UNSUPPORTED
/Xlib7/XcmsAllocColor	2	UNSUPPORTED
/Xlib7/XcmsAllocNamedColor	1	PASS
/Xlib7/XcmsAllocNamedColor	2	PASS
/Xlib7/XcmsCCCOfColormap	1	PASS
/Xlib7/XcmsCIELabQueryMaxC	1	PASS
/Xlib7/XcmsCIELabQueryMaxL	1	PASS
/Xlib7/XcmsCIELabQueryMaxLC	1	PASS
/Xlib7/XcmsCIELabQueryMinL	1	PASS
/Xlib7/XcmsCIELuvQueryMaxC	1	PASS
/Xlib7/XcmsCIELuvQueryMaxL	1	PASS
/Xlib7/XcmsCIELuvQueryMaxLC	1	PASS
/Xlib7/XcmsCIELuvQueryMinL	1	PASS
/Xlib7/XcmsClientWhitePointOfCCC	1	PASS
/Xlib7/XcmsConversionProc	1	PASS
/Xlib7/XcmsConversionProc	2	PASS
/Xlib7/XcmsConversionProc	3	PASS
/Xlib7/XcmsConversionProc	4	PASS
/Xlib7/XcmsConversionProc	5	PASS
/Xlib7/XcmsConversionProc	6	PASS
/Xlib7/XcmsConversionProc	7	PASS
/Xlib7/XcmsConversionProc	8	PASS
/Xlib7/XcmsConversionProc	9	PASS
/Xlib7/XcmsConversionProc2	1	PASS
/Xlib7/XcmsConversionProc2	2	PASS
/Xlib7/XcmsConversionProc2	3	PASS
/Xlib7/XcmsConversionProc2	4	PASS
/Xlib7/XcmsConvertColors	1	PASS
/Xlib7/XcmsCreateCCC	1	PASS
/Xlib7/XcmsDefaultCCC	1	PASS
/Xlib7/XcmsDisplayOfCCC	1	PASS
/Xlib7/XcmsFormatOfPrefix	1	PASS
/Xlib7/XcmsFormatOfPrefix	2	PASS
/Xlib7/XcmsFreeCCC	1	PASS
/Xlib7/XcmsLookupColor	1	PASS
/Xlib7/XcmsPrefixOfFormat	1	PASS
/Xlib7/XcmsQueryBlack	1	PASS
/Xlib7/XcmsQueryBlue	1	PASS
/Xlib7/XcmsQueryColor	1	UNSUPPORTED
/Xlib7/XcmsQueryColors	1	UNSUPPORTED
/Xlib7/XcmsQueryColors	2	UNSUPPORTED
/Xlib7/XcmsQueryColors	3	UNSUPPORTED
/Xlib7/XcmsQueryGreen	1	PASS
/Xlib7/XcmsQueryRed	1	PASS
/Xlib7/XcmsQueryWhite	1	PASS
/Xlib7/XcmsScreenNumberOfCCC	1	PASS
/Xlib7/XcmsScreenWhitePointOfCCC	1	PASS
/Xlib7/XcmsSetWhiteAdjustProc	1	PASS
/Xlib7/XcmsSetWhiteAdjustProc	2	PASS
/Xlib7/XcmsSetWhiteAdjustProc	3	PASS
/Xlib7/XcmsSetWhitePoint	1	PASS
/Xlib7/XcmsStoreColor	1	PASS
/Xlib7/XcmsStoreColor	2	PASS
/Xlib7/XcmsStoreColor	3	PASS
/Xlib7/XcmsStoreColor	4	PASS
/Xlib7/XcmsStoreColors	1	PASS
/Xlib7/XcmsStoreColors	2	PASS
/Xlib7/XcmsStoreColors	3	PASS
/Xlib7/XcmsStoreColors	4	PASS
/Xlib7/XcmsTekHVCQueryMaxC	1	PASS
/Xlib7/XcmsTekHVCQueryMaxV	1	PASS
/Xlib7/XcmsTekHVCQueryMaxVC	1	PASS
/Xlib7/XcmsTekHVCQueryMaxVSamples	1	PASS
/Xlib7/XcmsTekHVCQueryMinV	1	PASS
/Xlib7/XcmsVisualOfCCC	1	PASS
/Xlib8/XChangeGC	1	PASS
/Xlib8/XChangeGC	10	UNSUPPORTED
/Xlib8/XChangeGC	11	PASS
/Xlib8/XChangeGC	12	UNSUPPORTED
/Xlib8/XChangeGC	13	PASS
/Xlib8/XChangeGC	14	UNSUPPORTED
/Xlib8/XChangeGC	15	PASS
/Xlib8/XChangeGC	16	PASS
/Xlib8/XChangeGC	17	PASS
/Xlib8/XChangeGC	18	PASS
/Xlib8/XChangeGC	19	PASS
/Xlib8/XChangeGC	2	PASS
/Xlib8/XChangeGC	20	PASS
/Xlib8/XChangeGC	21	PASS
/Xlib8/XChangeGC	22	PASS
/Xlib8/XChangeGC	23	PASS
/Xlib8/XChangeGC	24	PASS
/Xlib8/XChangeGC	25	PASS
/Xlib8/XChangeGC	3	PASS
/Xlib8/XChangeGC	4	PASS
/Xlib8/XChangeGC	5	PASS
/Xlib8/XChangeGC	6	PASS
/Xlib8/XChangeGC	7	PASS
/Xlib8/XChangeGC	8	PASS
/Xlib8/XChangeGC	9	PASS
/Xlib8/XCopyGC	1	PASS
/Xlib8/XCopyGC	2	UNTESTED
/Xlib8/XCopyGC	3	PASS
/Xlib8/XCopyGC	4	UNSUPPORTED
/Xlib8/XCopyGC	5	PASS
/Xlib8/XCreateGC	1	PASS
/Xlib8/XCreateGC	10	PASS
/Xlib8/XCreateGC	11	UNSUPPORTED
/Xlib8/XCreateGC	12	PASS
/Xlib8/XCreateGC	13	UNSUPPORTED
/Xlib8/XCreateGC	14	PASS
/Xlib8/XCreateGC	15	UNSUPPORTED
/Xlib8/XCreateGC	16	PASS
/Xlib8/XCreateGC	17	PASS
/Xlib8/XCreateGC	18	PASS
/Xlib8/XCreateGC	19	PASS
/Xlib8/XCreateGC	2	PASS
/Xlib8/XCreateGC	20	PASS
/Xlib8/XCreateGC	21	PASS
/Xlib8/XCreateGC	22	PASS
/Xlib8/XCreateGC	23	PASS
/Xlib8/XCreateGC	24	PASS
/Xlib8/XCreateGC	25	PASS
/Xlib8/XCreateGC	26	PASS
/Xlib8/XCreateGC	3	PASS
/Xlib8/XCreateGC	4	UNTESTED
/Xlib8/XCreateGC	5	PASS
/Xlib8/XCreateGC	6	PASS
/Xlib8/XCreateGC	7	PASS
/Xlib8/XCreateGC	8	PASS
/Xlib8/XCreateGC	9	PASS
/Xlib8/XFlushGC	1	PASS
/Xlib8/XFlushGC	2	PASS
/Xlib8/XFreeGC	1	PASS
/Xlib8/XFreeGC	2	PASS
/Xlib8/XGContextFromGC	1	PASS
/Xlib8/XGetGCValues	1	PASS
/Xlib8/XGetGCValues	2	PASS
/Xlib8/XGetGCValues	3	PASS
/Xlib8/XQueryBestSize	1	PASS
/Xlib8/XQueryBestSize	2	PASS
/Xlib8/XQueryBestSize	3	PASS
/Xlib8/XQueryBestSize	4	PASS
/Xlib8/XQueryBestSize	5	PASS
/Xlib8/XQueryBestSize	6	PASS
/Xlib8/XQueryBestSize	7	PASS
/Xlib8/XQueryBestStipple	1	PASS
/Xlib8/XQueryBestStipple	2	PASS
/Xlib8/XQueryBestStipple	3	PASS
/Xlib8/XQueryBestTile	1	PASS
/Xlib8/XQueryBestTile	2	PASS
/Xlib8/XQueryBestTile	3	PASS
/Xlib8/XSetArcMode	1	PASS
/Xlib8/XSetArcMode	2	UNTESTED
/Xlib8/XSetArcMode	3	PASS
/Xlib8/XSetArcMode	4	PASS
/Xlib8/XSetBackground	1	PASS
/Xlib8/XSetBackground	2	UNTESTED
/Xlib8/XSetBackground	3	PASS
/Xlib8/XSetClipMask	1	PASS
/Xlib8/XSetClipMask	2	PASS
/Xlib8/XSetClipMask	3	UNTESTED
/Xlib8/XSetClipMask	4	PASS
/Xlib8/XSetClipMask	5	UNSUPPORTED
/Xlib8/XSetClipMask	6	PASS
/Xlib8/XSetClipMask	7	PASS
/Xlib8/XSetClipOrigin	1	PASS
/Xlib8/XSetClipOrigin	2	UNTESTED
/Xlib8/XSetClipOrigin	3	PASS
/Xlib8/XSetClipRectangles	1	PASS
/Xlib8/XSetClipRectangles	2	UNTESTED
/Xlib8/XSetClipRectangles	3	PASS
/Xlib8/XSetClipRectangles	4	PASS
/Xlib8/XSetClipRectangles	5	PASS
/Xlib8/XSetClipRectangles	6	PASS
/Xlib8/XSetClipRectangles	7	UNTESTED
/Xlib8/XSetClipRectangles	8	PASS
/Xlib8/XSetClipRectangles	9	PASS
/Xlib8/XSetDashes	1	PASS
/Xlib8/XSetDashes	2	FAIL
/Xlib8/XSetDashes	3	PASS
/Xlib8/XSetDashes	4	UNTESTED
/Xlib8/XSetDashes	5	PASS
/Xlib8/XSetDashes	6	PASS
/Xlib8/XSetDashes	7	PASS
/Xlib8/XSetFillRule	1	PASS
/Xlib8/XSetFillRule	2	UNTESTED
/Xlib8/XSetFillRule	3	PASS
/Xlib8/XSetFillRule	4	PASS
/Xlib8/XSetFillStyle	1	PASS
/Xlib8/XSetFillStyle	2	UNTESTED
/Xlib8/XSetFillStyle	3	PASS
/Xlib8/XSetFillStyle	4	PASS
/Xlib8/XSetFont	1	PASS
/Xlib8/XSetFont	2	UNTESTED
/Xlib8/XSetFont	3	PASS
/Xlib8/XSetFont	4	PASS
/Xlib8/XSetForeground	1	PASS
/Xlib8/XSetForeground	2	UNTESTED
/Xlib8/XSetForeground	3	PASS
/Xlib8/XSetFunction	1	PASS
/Xlib8/XSetFunction	2	UNTESTED
/Xlib8/XSetFunction	3	PASS
/Xlib8/XSetFunction	4	PASS
/Xlib8/XSetGraphicsExposures	1	PASS
/Xlib8/XSetGraphicsExposures	2	UNTESTED
/Xlib8/XSetGraphicsExposures	3	PASS
/Xlib8/XSetGraphicsExposures	4	PASS
/Xlib8/XSetLineAttributes	1	PASS
/Xlib8/XSetLineAttributes	2	UNTESTED
/Xlib8/XSetLineAttributes	3	PASS
/Xlib8/XSetLineAttributes	4	PASS
/Xlib8/XSetLineAttributes	5	PASS
/Xlib8/XSetLineAttributes	6	PASS
/Xlib8/XSetPlaneMask	1	PASS
/Xlib8/XSetPlaneMask	2	UNTESTED
/Xlib8/XSetPlaneMask	3	PASS
/Xlib8/XSetState	1	PASS
/Xlib8/XSetState	2	UNTESTED
/Xlib8/XSetState	3	PASS
/Xlib8/XSetState	4	PASS
/Xlib8/XSetStipple	1	PASS
/Xlib8/XSetStipple	2	UNSUPPORTED
/Xlib8/XSetStipple	3	PASS
/Xlib8/XSetStipple	4	UNTESTED
/Xlib8/XSetStipple	5	PASS
/Xlib8/XSetStipple	6	PASS
/Xlib8/XSetSubwindowMode	1	PASS
/Xlib8/XSetSubwindowMode	2	UNTESTED
/Xlib8/XSetSubwindowMode	3	PASS
/Xlib8/XSetSubwindowMode	4	PASS
/Xlib8/XSetTSOrigin	1	PASS
/Xlib8/XSetTSOrigin	2	UNTESTED
/Xlib8/XSetTSOrigin	3	PASS
/Xlib8/XSetTile	1	PASS
/Xlib8/XSetTile	2	UNSUPPORTED
/Xlib8/XSetTile	3	PASS
/Xlib8/XSetTile	4	UNTESTED
/Xlib8/XSetTile	5	PASS
/Xlib8/XSetTile	6	PASS
/Xlib9/XClearArea	1	PASS
/Xlib9/XClearArea	10	PASS
/Xlib9/XClearArea	11	PASS
/Xlib9/XClearArea	2	PASS
/Xlib9/XClearArea	3	PASS
/Xlib9/XClearArea	4	PASS
/Xlib9/XClearArea	5	NOTINUSE
/Xlib9/XClearArea	6	PASS
/Xlib9/XClearArea	7	PASS
/Xlib9/XClearArea	8	PASS
/Xlib9/XClearArea	9	PASS
/Xlib9/XClearWindow	1	PASS
/Xlib9/XClearWindow	2	PASS
/Xlib9/XClearWindow	3	NOTINUSE
/Xlib9/XClearWindow	4	PASS
/Xlib9/XClearWindow	5	PASS
/Xlib9/XClearWindow	6	PASS
/Xlib9/XClearWindow	7	PASS
/Xlib9/XCopyArea/XCopyArea	1	PASS
/Xlib9/XCopyArea/XCopyArea	10	PASS
/Xlib9/XCopyArea/XCopyArea	11	PASS
/Xlib9/XCopyArea/XCopyArea	12	PASS
/Xlib9/XCopyArea/XCopyArea	13	PASS
/Xlib9/XCopyArea/XCopyArea	14	PASS
/Xlib9/XCopyArea/XCopyArea	15	PASS
/Xlib9/XCopyArea/XCopyArea	16	PASS
/Xlib9/XCopyArea/XCopyArea	17	PASS
/Xlib9/XCopyArea/XCopyArea	18	PASS
/Xlib9/XCopyArea/XCopyArea	19	PASS
/Xlib9/XCopyArea/XCopyArea	2	PASS
/Xlib9/XCopyArea/XCopyArea	20	PASS
/Xlib9/XCopyArea/XCopyArea	21	PASS
/Xlib9/XCopyArea/XCopyArea	22	PASS
/Xlib9/XCopyArea/XCopyArea	23	PASS
/Xlib9/XCopyArea/XCopyArea	24	PASS
/Xlib9/XCopyArea/XCopyArea	25	FAIL
/Xlib9/XCopyArea/XCopyArea	26	PASS
/Xlib9/XCopyArea/XCopyArea	27	PASS
/Xlib9/XCopyArea/XCopyArea	28	PASS
/Xlib9/XCopyArea/XCopyArea	29	PASS
/Xlib9/XCopyArea/XCopyArea	3	PASS
/Xlib9/XCopyArea/XCopyArea	30	PASS
/Xlib9/XCopyArea/XCopyArea	31	PASS
/Xlib9/XCopyArea/XCopyArea	32	PASS
/Xlib9/XCopyArea/XCopyArea	33	PASS
/Xlib9/XCopyArea/XCopyArea	34	UNSUPPORTED
/Xlib9/XCopyArea/XCopyArea	35	PASS
/Xlib9/XCopyArea/XCopyArea	36	PASS
/Xlib9/XCopyArea/XCopyArea	4	PASS
/Xlib9/XCopyArea/XCopyArea	5	PASS
/Xlib9/XCopyArea/XCopyArea	6	PASS
/Xlib9/XCopyArea/XCopyArea	7	PASS
/Xlib9/XCopyArea/XCopyArea	8	PASS
/Xlib9/XCopyArea/XCopyArea	9	PASS
/Xlib9/XCopyPlane/XCopyPlane	1	PASS
/Xlib9/XCopyPlane/XCopyPlane	10	PASS
/Xlib9/XCopyPlane/XCopyPlane	11	PASS
/Xlib9/XCopyPlane/XCopyPlane	12	PASS
/Xlib9/XCopyPlane/XCopyPlane	13	PASS
/Xlib9/XCopyPlane/XCopyPlane	14	PASS
/Xlib9/XCopyPlane/XCopyPlane	15	PASS
/Xlib9/XCopyPlane/XCopyPlane	16	PASS
/Xlib9/XCopyPlane/XCopyPlane	17	PASS
/Xlib9/XCopyPlane/XCopyPlane	18	PASS
/Xlib9/XCopyPlane/XCopyPlane	19	PASS
/Xlib9/XCopyPlane/XCopyPlane	2	NOTINUSE
/Xlib9/XCopyPlane/XCopyPlane	20	PASS
/Xlib9/XCopyPlane/XCopyPlane	21	PASS
/Xlib9/XCopyPlane/XCopyPlane	22	PASS
/Xlib9/XCopyPlane/XCopyPlane	23	PASS
/Xlib9/XCopyPlane/XCopyPlane	24	PASS
/Xlib9/XCopyPlane/XCopyPlane	25	PASS
/Xlib9/XCopyPlane/XCopyPlane	26	PASS
/Xlib9/XCopyPlane/XCopyPlane	27	PASS
/Xlib9/XCopyPlane/XCopyPlane	28	PASS
/Xlib9/XCopyPlane/XCopyPlane	29	PASS
/Xlib9/XCopyPlane/XCopyPlane	3	PASS
/Xlib9/XCopyPlane/XCopyPlane	30	PASS
/Xlib9/XCopyPlane/XCopyPlane	31	FAIL
/Xlib9/XCopyPlane/XCopyPlane	32	PASS
/Xlib9/XCopyPlane/XCopyPlane	33	PASS
/Xlib9/XCopyPlane/XCopyPlane	34	PASS
/Xlib9/XCopyPlane/XCopyPlane	35	PASS
/Xlib9/XCopyPlane/XCopyPlane	36	PASS
/Xlib9/XCopyPlane/XCopyPlane	37	PASS
/Xlib9/XCopyPlane/XCopyPlane	38	PASS
/Xlib9/XCopyPlane/XCopyPlane	39	PASS
/Xlib9/XCopyPlane/XCopyPlane	4	PASS
/Xlib9/XCopyPlane/XCopyPlane	40	PASS
/Xlib9/XCopyPlane/XCopyPlane	41	UNSUPPORTED
/Xlib9/XCopyPlane/XCopyPlane	42	PASS
/Xlib9/XCopyPlane/XCopyPlane	43	PASS
/Xlib9/XCopyPlane/XCopyPlane	5	PASS
/Xlib9/XCopyPlane/XCopyPlane	6	PASS
/Xlib9/XCopyPlane/XCopyPlane	7	PASS
/Xlib9/XCopyPlane/XCopyPlane	8	PASS
/Xlib9/XCopyPlane/XCopyPlane	9	PASS
/Xlib9/XDrawArc/XDrawArc	1	PASS
/Xlib9/XDrawArc/XDrawArc	10	NOTINUSE
/Xlib9/XDrawArc/XDrawArc	100	PASS
/Xlib9/XDrawArc/XDrawArc	101	PASS
/Xlib9/XDrawArc/XDrawArc	102	UNSUPPORTED
/Xlib9/XDrawArc/XDrawArc	11	NOTINUSE
/Xlib9/XDrawArc/XDrawArc	12	PASS
/Xlib9/XDrawArc/XDrawArc	13	PASS
/Xlib9/XDrawArc/XDrawArc	14	PASS
/Xlib9/XDrawArc/XDrawArc	15	NOTINUSE
/Xlib9/XDrawArc/XDrawArc	16	PASS
/Xlib9/XDrawArc/XDrawArc	17	PASS
/Xlib9/XDrawArc/XDrawArc	18	PASS
/Xlib9/XDrawArc/XDrawArc	19	PASS
/Xlib9/XDrawArc/XDrawArc	2	NOTINUSE
/Xlib9/XDrawArc/XDrawArc	20	PASS
/Xlib9/XDrawArc/XDrawArc	21	PASS
/Xlib9/XDrawArc/XDrawArc	22	PASS
/Xlib9/XDrawArc/XDrawArc	23	PASS
/Xlib9/XDrawArc/XDrawArc	24	PASS
/Xlib9/XDrawArc/XDrawArc	25	PASS
/Xlib9/XDrawArc/XDrawArc	26	PASS
/Xlib9/XDrawArc/XDrawArc	27	PASS
/Xlib9/XDrawArc/XDrawArc	28	PASS
/Xlib9/XDrawArc/XDrawArc	29	PASS
/Xlib9/XDrawArc/XDrawArc	3	NOTINUSE
/Xlib9/XDrawArc/XDrawArc	30	PASS
/Xlib9/XDrawArc/XDrawArc	31	PASS
/Xlib9/XDrawArc/XDrawArc	32	PASS
/Xlib9/XDrawArc/XDrawArc	33	PASS
/Xlib9/XDrawArc/XDrawArc	34	PASS
/Xlib9/XDrawArc/XDrawArc	35	NOTINUSE
/Xlib9/XDrawArc/XDrawArc	36	PASS
/Xlib9/XDrawArc/XDrawArc	37	UNTESTED
/Xlib9/XDrawArc/XDrawArc	38	PASS
/Xlib9/XDrawArc/XDrawArc	39	NOTINUSE
/Xlib9/XDrawArc/XDrawArc	4	NOTINUSE
/Xlib9/XDrawArc/XDrawArc	40	NOTINUSE
/Xlib9/XDrawArc/XDrawArc	41	NOTINUSE
/Xlib9/XDrawArc/XDrawArc	42	WARNING
/Xlib9/XDrawArc/XDrawArc	43	NOTINUSE
/Xlib9/XDrawArc/XDrawArc	44	NOTINUSE
/Xlib9/XDrawArc/XDrawArc	45	NOTINUSE
/Xlib9/XDrawArc/XDrawArc	46	NOTINUSE
/Xlib9/XDrawArc/XDrawArc	47	NOTINUSE
/Xlib9/XDrawArc/XDrawArc	48	NOTINUSE
/Xlib9/XDrawArc/XDrawArc	49	PASS
/Xlib9/XDrawArc/XDrawArc	5	PASS
/Xlib9/XDrawArc/XDrawArc	50	PASS
/Xlib9/XDrawArc/XDrawArc	51	PASS
/Xlib9/XDrawArc/XDrawArc	52	PASS
/Xlib9/XDrawArc/XDrawArc	53	PASS
/Xlib9/XDrawArc/XDrawArc	54	PASS
/Xlib9/XDrawArc/XDrawArc	55	PASS
/Xlib9/XDrawArc/XDrawArc	56	NOTINUSE
/Xlib9/XDrawArc/XDrawArc	57	NOTINUSE
/Xlib9/XDrawArc/XDrawArc	58	NOTINUSE
/Xlib9/XDrawArc/XDrawArc	59	NOTINUSE
/Xlib9/XDrawArc/XDrawArc	6	PASS
/Xlib9/XDrawArc/XDrawArc	60	PASS
/Xlib9/XDrawArc/XDrawArc	61	PASS
/Xlib9/XDrawArc/XDrawArc	62	PASS
/Xlib9/XDrawArc/XDrawArc	63	WARNING
/Xlib9/XDrawArc/XDrawArc	64	PASS
/Xlib9/XDrawArc/XDrawArc	65	PASS
/Xlib9/XDrawArc/XDrawArc	66	WARNING
/Xlib9/XDrawArc/XDrawArc	67	PASS
/Xlib9/XDrawArc/XDrawArc	68	PASS
/Xlib9/XDrawArc/XDrawArc	69	PASS
/Xlib9/XDrawArc/XDrawArc	7	PASS
/Xlib9/XDrawArc/XDrawArc	70	PASS
/Xlib9/XDrawArc/XDrawArc	71	PASS
/Xlib9/XDrawArc/XDrawArc	72	PASS
/Xlib9/XDrawArc/XDrawArc	73	WARNING
/Xlib9/XDrawArc/XDrawArc	74	PASS
/Xlib9/XDrawArc/XDrawArc	75	NOTINUSE
/Xlib9/XDrawArc/XDrawArc	76	PASS
/Xlib9/XDrawArc/XDrawArc	77	FAIL
/Xlib9/XDrawArc/XDrawArc	78	FAIL
/Xlib9/XDrawArc/XDrawArc	79	FAIL
/Xlib9/XDrawArc/XDrawArc	8	NOTINUSE
/Xlib9/XDrawArc/XDrawArc	80	PASS
/Xlib9/XDrawArc/XDrawArc	81	PASS
/Xlib9/XDrawArc/XDrawArc	82	PASS
/Xlib9/XDrawArc/XDrawArc	83	PASS
/Xlib9/XDrawArc/XDrawArc	84	PASS
/Xlib9/XDrawArc/XDrawArc	85	PASS
/Xlib9/XDrawArc/XDrawArc	86	PASS
/Xlib9/XDrawArc/XDrawArc	87	PASS
/Xlib9/XDrawArc/XDrawArc	88	PASS
/Xlib9/XDrawArc/XDrawArc	89	PASS
/Xlib9/XDrawArc/XDrawArc	9	NOTINUSE
/Xlib9/XDrawArc/XDrawArc	90	PASS
/Xlib9/XDrawArc/XDrawArc	91	PASS
/Xlib9/XDrawArc/XDrawArc	92	FAIL
/Xlib9/XDrawArc/XDrawArc	93	PASS
/Xlib9/XDrawArc/XDrawArc	94	PASS
/Xlib9/XDrawArc/XDrawArc	95	PASS
/Xlib9/XDrawArc/XDrawArc	96	NOTINUSE
/Xlib9/XDrawArc/XDrawArc	97	NOTINUSE
/Xlib9/XDrawArc/XDrawArc	98	PASS
/Xlib9/XDrawArc/XDrawArc	99	PASS
/Xlib9/XDrawArcs/XDrawArcs	1	PASS
/Xlib9/XDrawArcs/XDrawArcs	10	NOTINUSE
/Xlib9/XDrawArcs/XDrawArcs	100	PASS
/Xlib9/XDrawArcs/XDrawArcs	101	PASS
/Xlib9/XDrawArcs/XDrawArcs	102	FAIL
/Xlib9/XDrawArcs/XDrawArcs	103	PASS
/Xlib9/XDrawArcs/XDrawArcs	104	PASS
/Xlib9/XDrawArcs/XDrawArcs	105	PASS
/Xlib9/XDrawArcs/XDrawArcs	106	NOTINUSE
/Xlib9/XDrawArcs/XDrawArcs	107	NOTINUSE
/Xlib9/XDrawArcs/XDrawArcs	108	PASS
/Xlib9/XDrawArcs/XDrawArcs	109	PASS
/Xlib9/XDrawArcs/XDrawArcs	11	NOTINUSE
/Xlib9/XDrawArcs/XDrawArcs	110	PASS
/Xlib9/XDrawArcs/XDrawArcs	111	PASS
/Xlib9/XDrawArcs/XDrawArcs	112	UNSUPPORTED
/Xlib9/XDrawArcs/XDrawArcs	12	PASS
/Xlib9/XDrawArcs/XDrawArcs	13	PASS
/Xlib9/XDrawArcs/XDrawArcs	14	PASS
/Xlib9/XDrawArcs/XDrawArcs	15	PASS
/Xlib9/XDrawArcs/XDrawArcs	16	PASS
/Xlib9/XDrawArcs/XDrawArcs	17	PASS
/Xlib9/XDrawArcs/XDrawArcs	18	UNTESTED
/Xlib9/XDrawArcs/XDrawArcs	19	PASS
/Xlib9/XDrawArcs/XDrawArcs	2	NOTINUSE
/Xlib9/XDrawArcs/XDrawArcs	20	PASS
/Xlib9/XDrawArcs/XDrawArcs	21	PASS
/Xlib9/XDrawArcs/XDrawArcs	22	PASS
/Xlib9/XDrawArcs/XDrawArcs	23	PASS
/Xlib9/XDrawArcs/XDrawArcs	24	PASS
/Xlib9/XDrawArcs/XDrawArcs	25	PASS
/Xlib9/XDrawArcs/XDrawArcs	26	PASS
/Xlib9/XDrawArcs/XDrawArcs	27	PASS
/Xlib9/XDrawArcs/XDrawArcs	28	PASS
/Xlib9/XDrawArcs/XDrawArcs	29	PASS
/Xlib9/XDrawArcs/XDrawArcs	3	NOTINUSE
/Xlib9/XDrawArcs/XDrawArcs	30	PASS
/Xlib9/XDrawArcs/XDrawArcs	31	PASS
/Xlib9/XDrawArcs/XDrawArcs	32	PASS
/Xlib9/XDrawArcs/XDrawArcs	33	PASS
/Xlib9/XDrawArcs/XDrawArcs	34	PASS
/Xlib9/XDrawArcs/XDrawArcs	35	PASS
/Xlib9/XDrawArcs/XDrawArcs	36	PASS
/Xlib9/XDrawArcs/XDrawArcs	37	PASS
/Xlib9/XDrawArcs/XDrawArcs	38	NOTINUSE
/Xlib9/XDrawArcs/XDrawArcs	39	PASS
/Xlib9/XDrawArcs/XDrawArcs	4	NOTINUSE
/Xlib9/XDrawArcs/XDrawArcs	40	UNTESTED
/Xlib9/XDrawArcs/XDrawArcs	41	PASS
/Xlib9/XDrawArcs/XDrawArcs	42	NOTINUSE
/Xlib9/XDrawArcs/XDrawArcs	43	NOTINUSE
/Xlib9/XDrawArcs/XDrawArcs	44	NOTINUSE
/Xlib9/XDrawArcs/XDrawArcs	45	WARNING
/Xlib9/XDrawArcs/XDrawArcs	46	NOTINUSE
/Xlib9/XDrawArcs/XDrawArcs	47	NOTINUSE
/Xlib9/XDrawArcs/XDrawArcs	48	NOTINUSE
/Xlib9/XDrawArcs/XDrawArcs	49	NOTINUSE
/Xlib9/XDrawArcs/XDrawArcs	5	PASS
/Xlib9/XDrawArcs/XDrawArcs	50	NOTINUSE
/Xlib9/XDrawArcs/XDrawArcs	51	NOTINUSE
/Xlib9/XDrawArcs/XDrawArcs	52	WARNING
/Xlib9/XDrawArcs/XDrawArcs	53	WARNING
/Xlib9/XDrawArcs/XDrawArcs	54	WARNING
/Xlib9/XDrawArcs/XDrawArcs	55	PASS
/Xlib9/XDrawArcs/XDrawArcs	56	WARNING
/Xlib9/XDrawArcs/XDrawArcs	57	WARNING
/Xlib9/XDrawArcs/XDrawArcs	58	PASS
/Xlib9/XDrawArcs/XDrawArcs	59	NOTINUSE
/Xlib9/XDrawArcs/XDrawArcs	6	PASS
/Xlib9/XDrawArcs/XDrawArcs	60	NOTINUSE
/Xlib9/XDrawArcs/XDrawArcs	61	NOTINUSE
/Xlib9/XDrawArcs/XDrawArcs	62	NOTINUSE
/Xlib9/XDrawArcs/XDrawArcs	63	PASS
/Xlib9/XDrawArcs/XDrawArcs	64	PASS
/Xlib9/XDrawArcs/XDrawArcs	65	PASS
/Xlib9/XDrawArcs/XDrawArcs	66	WARNING
/Xlib9/XDrawArcs/XDrawArcs	67	PASS
/Xlib9/XDrawArcs/XDrawArcs	68	PASS
/Xlib9/XDrawArcs/XDrawArcs	69	WARNING
/Xlib9/XDrawArcs/XDrawArcs	7	PASS
/Xlib9/XDrawArcs/XDrawArcs	70	PASS
/Xlib9/XDrawArcs/XDrawArcs	71	PASS
/Xlib9/XDrawArcs/XDrawArcs	72	PASS
/Xlib9/XDrawArcs/XDrawArcs	73	PASS
/Xlib9/XDrawArcs/XDrawArcs	74	PASS
/Xlib9/XDrawArcs/XDrawArcs	75	PASS
/Xlib9/XDrawArcs/XDrawArcs	76	WARNING
/Xlib9/XDrawArcs/XDrawArcs	77	PASS
/Xlib9/XDrawArcs/XDrawArcs	78	NOTINUSE
/Xlib9/XDrawArcs/XDrawArcs	79	PASS
/Xlib9/XDrawArcs/XDrawArcs	8	NOTINUSE
/Xlib9/XDrawArcs/XDrawArcs	80	PASS
/Xlib9/XDrawArcs/XDrawArcs	81	PASS
/Xlib9/XDrawArcs/XDrawArcs	82	PASS
/Xlib9/XDrawArcs/XDrawArcs	83	PASS
/Xlib9/XDrawArcs/XDrawArcs	84	PASS
/Xlib9/XDrawArcs/XDrawArcs	85	NOTINUSE
/Xlib9/XDrawArcs/XDrawArcs	86	PASS
/Xlib9/XDrawArcs/XDrawArcs	87	FAIL
/Xlib9/XDrawArcs/XDrawArcs	88	FAIL
/Xlib9/XDrawArcs/XDrawArcs	89	FAIL
/Xlib9/XDrawArcs/XDrawArcs	9	NOTINUSE
/Xlib9/XDrawArcs/XDrawArcs	90	PASS
/Xlib9/XDrawArcs/XDrawArcs	91	PASS
/Xlib9/XDrawArcs/XDrawArcs	92	PASS
/Xlib9/XDrawArcs/XDrawArcs	93	PASS
/Xlib9/XDrawArcs/XDrawArcs	94	PASS
/Xlib9/XDrawArcs/XDrawArcs	95	PASS
/Xlib9/XDrawArcs/XDrawArcs	96	PASS
/Xlib9/XDrawArcs/XDrawArcs	97	PASS
/Xlib9/XDrawArcs/XDrawArcs	98	PASS
/Xlib9/XDrawArcs/XDrawArcs	99	PASS
/Xlib9/XDrawImageString/XDrawImageString	1	PASS
/Xlib9/XDrawImageString/XDrawImageString	10	PASS
/Xlib9/XDrawImageString/XDrawImageString	11	PASS
/Xlib9/XDrawImageString/XDrawImageString	12	PASS
/Xlib9/XDrawImageString/XDrawImageString	13	PASS
/Xlib9/XDrawImageString/XDrawImageString	14	PASS
/Xlib9/XDrawImageString/XDrawImageString	15	PASS
/Xlib9/XDrawImageString/XDrawImageString	16	PASS
/Xlib9/XDrawImageString/XDrawImageString	17	PASS
/Xlib9/XDrawImageString/XDrawImageString	18	PASS
/Xlib9/XDrawImageString/XDrawImageString	19	PASS
/Xlib9/XDrawImageString/XDrawImageString	2	NOTINUSE
/Xlib9/XDrawImageString/XDrawImageString	20	PASS
/Xlib9/XDrawImageString/XDrawImageString	21	PASS
/Xlib9/XDrawImageString/XDrawImageString	22	PASS
/Xlib9/XDrawImageString/XDrawImageString	23	PASS
/Xlib9/XDrawImageString/XDrawImageString	24	UNSUPPORTED
/Xlib9/XDrawImageString/XDrawImageString	3	PASS
/Xlib9/XDrawImageString/XDrawImageString	4	PASS
/Xlib9/XDrawImageString/XDrawImageString	5	UNTESTED
/Xlib9/XDrawImageString/XDrawImageString	6	PASS
/Xlib9/XDrawImageString/XDrawImageString	7	PASS
/Xlib9/XDrawImageString/XDrawImageString	8	PASS
/Xlib9/XDrawImageString/XDrawImageString	9	PASS
/Xlib9/XDrawImageString16/XDrawImageString16	1	PASS
/Xlib9/XDrawImageString16/XDrawImageString16	10	PASS
/Xlib9/XDrawImageString16/XDrawImageString16	11	PASS
/Xlib9/XDrawImageString16/XDrawImageString16	12	PASS
/Xlib9/XDrawImageString16/XDrawImageString16	13	PASS
/Xlib9/XDrawImageString16/XDrawImageString16	14	PASS
/Xlib9/XDrawImageString16/XDrawImageString16	15	PASS
/Xlib9/XDrawImageString16/XDrawImageString16	16	PASS
/Xlib9/XDrawImageString16/XDrawImageString16	17	PASS
/Xlib9/XDrawImageString16/XDrawImageString16	18	PASS
/Xlib9/XDrawImageString16/XDrawImageString16	19	PASS
/Xlib9/XDrawImageString16/XDrawImageString16	2	NOTINUSE
/Xlib9/XDrawImageString16/XDrawImageString16	20	PASS
/Xlib9/XDrawImageString16/XDrawImageString16	21	PASS
/Xlib9/XDrawImageString16/XDrawImageString16	22	PASS
/Xlib9/XDrawImageString16/XDrawImageString16	23	PASS
/Xlib9/XDrawImageString16/XDrawImageString16	24	UNSUPPORTED
/Xlib9/XDrawImageString16/XDrawImageString16	3	PASS
/Xlib9/XDrawImageString16/XDrawImageString16	4	PASS
/Xlib9/XDrawImageString16/XDrawImageString16	5	UNTESTED
/Xlib9/XDrawImageString16/XDrawImageString16	6	PASS
/Xlib9/XDrawImageString16/XDrawImageString16	7	PASS
/Xlib9/XDrawImageString16/XDrawImageString16	8	PASS
/Xlib9/XDrawImageString16/XDrawImageString16	9	PASS
/Xlib9/XDrawLine/XDrawLine	1	PASS
/Xlib9/XDrawLine/XDrawLine	10	PASS
/Xlib9/XDrawLine/XDrawLine	11	PASS
/Xlib9/XDrawLine/XDrawLine	12	PASS
/Xlib9/XDrawLine/XDrawLine	13	PASS
/Xlib9/XDrawLine/XDrawLine	14	PASS
/Xlib9/XDrawLine/XDrawLine	15	PASS
/Xlib9/XDrawLine/XDrawLine	16	PASS
/Xlib9/XDrawLine/XDrawLine	17	PASS
/Xlib9/XDrawLine/XDrawLine	18	PASS
/Xlib9/XDrawLine/XDrawLine	19	PASS
/Xlib9/XDrawLine/XDrawLine	2	PASS
/Xlib9/XDrawLine/XDrawLine	20	PASS
/Xlib9/XDrawLine/XDrawLine	21	PASS
/Xlib9/XDrawLine/XDrawLine	22	PASS
/Xlib9/XDrawLine/XDrawLine	23	PASS
/Xlib9/XDrawLine/XDrawLine	24	PASS
/Xlib9/XDrawLine/XDrawLine	25	PASS
/Xlib9/XDrawLine/XDrawLine	26	UNTESTED
/Xlib9/XDrawLine/XDrawLine	27	PASS
/Xlib9/XDrawLine/XDrawLine	28	NOTINUSE
/Xlib9/XDrawLine/XDrawLine	29	NOTINUSE
/Xlib9/XDrawLine/XDrawLine	3	PASS
/Xlib9/XDrawLine/XDrawLine	30	NOTINUSE
/Xlib9/XDrawLine/XDrawLine	31	PASS
/Xlib9/XDrawLine/XDrawLine	32	NOTINUSE
/Xlib9/XDrawLine/XDrawLine	33	NOTINUSE
/Xlib9/XDrawLine/XDrawLine	34	NOTINUSE
/Xlib9/XDrawLine/XDrawLine	35	NOTINUSE
/Xlib9/XDrawLine/XDrawLine	36	NOTINUSE
/Xlib9/XDrawLine/XDrawLine	37	NOTINUSE
/Xlib9/XDrawLine/XDrawLine	38	FAIL
/Xlib9/XDrawLine/XDrawLine	39	FAIL
/Xlib9/XDrawLine/XDrawLine	4	PASS
/Xlib9/XDrawLine/XDrawLine	40	FAIL
/Xlib9/XDrawLine/XDrawLine	41	PASS
/Xlib9/XDrawLine/XDrawLine	42	PASS
/Xlib9/XDrawLine/XDrawLine	43	PASS
/Xlib9/XDrawLine/XDrawLine	44	FAIL
/Xlib9/XDrawLine/XDrawLine	45	NOTINUSE
/Xlib9/XDrawLine/XDrawLine	46	NOTINUSE
/Xlib9/XDrawLine/XDrawLine	47	NOTINUSE
/Xlib9/XDrawLine/XDrawLine	48	NOTINUSE
/Xlib9/XDrawLine/XDrawLine	49	PASS
/Xlib9/XDrawLine/XDrawLine	5	PASS
/Xlib9/XDrawLine/XDrawLine	50	PASS
/Xlib9/XDrawLine/XDrawLine	51	PASS
/Xlib9/XDrawLine/XDrawLine	52	PASS
/Xlib9/XDrawLine/XDrawLine	53	PASS
/Xlib9/XDrawLine/XDrawLine	54	PASS
/Xlib9/XDrawLine/XDrawLine	55	PASS
/Xlib9/XDrawLine/XDrawLine	56	PASS
/Xlib9/XDrawLine/XDrawLine	57	PASS
/Xlib9/XDrawLine/XDrawLine	58	PASS
/Xlib9/XDrawLine/XDrawLine	59	PASS
/Xlib9/XDrawLine/XDrawLine	6	PASS
/Xlib9/XDrawLine/XDrawLine	60	PASS
/Xlib9/XDrawLine/XDrawLine	61	PASS
/Xlib9/XDrawLine/XDrawLine	62	PASS
/Xlib9/XDrawLine/XDrawLine	63	PASS
/Xlib9/XDrawLine/XDrawLine	64	NOTINUSE
/Xlib9/XDrawLine/XDrawLine	65	PASS
/Xlib9/XDrawLine/XDrawLine	66	FAIL
/Xlib9/XDrawLine/XDrawLine	67	FAIL
/Xlib9/XDrawLine/XDrawLine	68	FAIL
/Xlib9/XDrawLine/XDrawLine	69	PASS
/Xlib9/XDrawLine/XDrawLine	7	PASS
/Xlib9/XDrawLine/XDrawLine	70	PASS
/Xlib9/XDrawLine/XDrawLine	71	PASS
/Xlib9/XDrawLine/XDrawLine	72	PASS
/Xlib9/XDrawLine/XDrawLine	73	PASS
/Xlib9/XDrawLine/XDrawLine	74	PASS
/Xlib9/XDrawLine/XDrawLine	75	PASS
/Xlib9/XDrawLine/XDrawLine	76	PASS
/Xlib9/XDrawLine/XDrawLine	77	PASS
/Xlib9/XDrawLine/XDrawLine	78	PASS
/Xlib9/XDrawLine/XDrawLine	79	PASS
/Xlib9/XDrawLine/XDrawLine	8	PASS
/Xlib9/XDrawLine/XDrawLine	80	PASS
/Xlib9/XDrawLine/XDrawLine	81	FAIL
/Xlib9/XDrawLine/XDrawLine	82	PASS
/Xlib9/XDrawLine/XDrawLine	83	PASS
/Xlib9/XDrawLine/XDrawLine	84	PASS
/Xlib9/XDrawLine/XDrawLine	85	NOTINUSE
/Xlib9/XDrawLine/XDrawLine	86	NOTINUSE
/Xlib9/XDrawLine/XDrawLine	87	PASS
/Xlib9/XDrawLine/XDrawLine	88	PASS
/Xlib9/XDrawLine/XDrawLine	89	PASS
/Xlib9/XDrawLine/XDrawLine	9	PASS
/Xlib9/XDrawLine/XDrawLine	90	PASS
/Xlib9/XDrawLine/XDrawLine	91	UNSUPPORTED
/Xlib9/XDrawLines/XDrawLines	1	PASS
/Xlib9/XDrawLines/XDrawLines	10	PASS
/Xlib9/XDrawLines/XDrawLines	100	PASS
/Xlib9/XDrawLines/XDrawLines	101	PASS
/Xlib9/XDrawLines/XDrawLines	102	PASS
/Xlib9/XDrawLines/XDrawLines	103	UNSUPPORTED
/Xlib9/XDrawLines/XDrawLines	104	PASS
/Xlib9/XDrawLines/XDrawLines	11	PASS
/Xlib9/XDrawLines/XDrawLines	12	PASS
/Xlib9/XDrawLines/XDrawLines	13	PASS
/Xlib9/XDrawLines/XDrawLines	14	PASS
/Xlib9/XDrawLines/XDrawLines	15	PASS
/Xlib9/XDrawLines/XDrawLines	16	PASS
/Xlib9/XDrawLines/XDrawLines	17	PASS
/Xlib9/XDrawLines/XDrawLines	18	PASS
/Xlib9/XDrawLines/XDrawLines	19	PASS
/Xlib9/XDrawLines/XDrawLines	2	UNTESTED
/Xlib9/XDrawLines/XDrawLines	20	PASS
/Xlib9/XDrawLines/XDrawLines	21	PASS
/Xlib9/XDrawLines/XDrawLines	22	PASS
/Xlib9/XDrawLines/XDrawLines	23	PASS
/Xlib9/XDrawLines/XDrawLines	24	PASS
/Xlib9/XDrawLines/XDrawLines	25	PASS
/Xlib9/XDrawLines/XDrawLines	26	PASS
/Xlib9/XDrawLines/XDrawLines	27	PASS
/Xlib9/XDrawLines/XDrawLines	28	PASS
/Xlib9/XDrawLines/XDrawLines	29	PASS
/Xlib9/XDrawLines/XDrawLines	3	PASS
/Xlib9/XDrawLines/XDrawLines	30	PASS
/Xlib9/XDrawLines/XDrawLines	31	UNTESTED
/Xlib9/XDrawLines/XDrawLines	32	PASS
/Xlib9/XDrawLines/XDrawLines	33	NOTINUSE
/Xlib9/XDrawLines/XDrawLines	34	NOTINUSE
/Xlib9/XDrawLines/XDrawLines	35	NOTINUSE
/Xlib9/XDrawLines/XDrawLines	36	PASS
/Xlib9/XDrawLines/XDrawLines	37	NOTINUSE
/Xlib9/XDrawLines/XDrawLines	38	NOTINUSE
/Xlib9/XDrawLines/XDrawLines	39	NOTINUSE
/Xlib9/XDrawLines/XDrawLines	4	PASS
/Xlib9/XDrawLines/XDrawLines	40	NOTINUSE
/Xlib9/XDrawLines/XDrawLines	41	NOTINUSE
/Xlib9/XDrawLines/XDrawLines	42	NOTINUSE
/Xlib9/XDrawLines/XDrawLines	43	FAIL
/Xlib9/XDrawLines/XDrawLines	44	FAIL
/Xlib9/XDrawLines/XDrawLines	45	FAIL
/Xlib9/XDrawLines/XDrawLines	46	PASS
/Xlib9/XDrawLines/XDrawLines	47	WARNING
/Xlib9/XDrawLines/XDrawLines	48	WARNING
/Xlib9/XDrawLines/XDrawLines	49	FAIL
/Xlib9/XDrawLines/XDrawLines	5	PASS
/Xlib9/XDrawLines/XDrawLines	50	NOTINUSE
/Xlib9/XDrawLines/XDrawLines	51	NOTINUSE
/Xlib9/XDrawLines/XDrawLines	52	NOTINUSE
/Xlib9/XDrawLines/XDrawLines	53	NOTINUSE
/Xlib9/XDrawLines/XDrawLines	54	PASS
/Xlib9/XDrawLines/XDrawLines	55	PASS
/Xlib9/XDrawLines/XDrawLines	56	PASS
/Xlib9/XDrawLines/XDrawLines	57	PASS
/Xlib9/XDrawLines/XDrawLines	58	PASS
/Xlib9/XDrawLines/XDrawLines	59	PASS
/Xlib9/XDrawLines/XDrawLines	6	PASS
/Xlib9/XDrawLines/XDrawLines	60	PASS
/Xlib9/XDrawLines/XDrawLines	61	PASS
/Xlib9/XDrawLines/XDrawLines	62	PASS
/Xlib9/XDrawLines/XDrawLines	63	PASS
/Xlib9/XDrawLines/XDrawLines	64	PASS
/Xlib9/XDrawLines/XDrawLines	65	PASS
/Xlib9/XDrawLines/XDrawLines	66	PASS
/Xlib9/XDrawLines/XDrawLines	67	PASS
/Xlib9/XDrawLines/XDrawLines	68	PASS
/Xlib9/XDrawLines/XDrawLines	69	NOTINUSE
/Xlib9/XDrawLines/XDrawLines	7	PASS
/Xlib9/XDrawLines/XDrawLines	70	PASS
/Xlib9/XDrawLines/XDrawLines	71	FAIL
/Xlib9/XDrawLines/XDrawLines	72	FAIL
/Xlib9/XDrawLines/XDrawLines	73	FAIL
/Xlib9/XDrawLines/XDrawLines	74	PASS
/Xlib9/XDrawLines/XDrawLines	75	PASS
/Xlib9/XDrawLines/XDrawLines	76	PASS
/Xlib9/XDrawLines/XDrawLines	77	PASS
/Xlib9/XDrawLines/XDrawLines	78	PASS
/Xlib9/XDrawLines/XDrawLines	79	PASS
/Xlib9/XDrawLines/XDrawLines	8	NOTINUSE
/Xlib9/XDrawLines/XDrawLines	80	PASS
/Xlib9/XDrawLines/XDrawLines	81	PASS
/Xlib9/XDrawLines/XDrawLines	82	PASS
/Xlib9/XDrawLines/XDrawLines	83	PASS
/Xlib9/XDrawLines/XDrawLines	84	NOTINUSE
/Xlib9/XDrawLines/XDrawLines	85	PASS
/Xlib9/XDrawLines/XDrawLines	86	PASS
/Xlib9/XDrawLines/XDrawLines	87	PASS
/Xlib9/XDrawLines/XDrawLines	88	PASS
/Xlib9/XDrawLines/XDrawLines	89	PASS
/Xlib9/XDrawLines/XDrawLines	9	PASS
/Xlib9/XDrawLines/XDrawLines	90	PASS
/Xlib9/XDrawLines/XDrawLines	91	PASS
/Xlib9/XDrawLines/XDrawLines	92	PASS
/Xlib9/XDrawLines/XDrawLines	93	FAIL
/Xlib9/XDrawLines/XDrawLines	94	PASS
/Xlib9/XDrawLines/XDrawLines	95	PASS
/Xlib9/XDrawLines/XDrawLines	96	PASS
/Xlib9/XDrawLines/XDrawLines	97	NOTINUSE
/Xlib9/XDrawLines/XDrawLines	98	NOTINUSE
/Xlib9/XDrawLines/XDrawLines	99	PASS
/Xlib9/XDrawPoint/XDrawPoint	1	PASS
/Xlib9/XDrawPoint/XDrawPoint	10	PASS
/Xlib9/XDrawPoint/XDrawPoint	11	PASS
/Xlib9/XDrawPoint/XDrawPoint	12	PASS
/Xlib9/XDrawPoint/XDrawPoint	13	PASS
/Xlib9/XDrawPoint/XDrawPoint	14	PASS
/Xlib9/XDrawPoint/XDrawPoint	15	PASS
/Xlib9/XDrawPoint/XDrawPoint	16	PASS
/Xlib9/XDrawPoint/XDrawPoint	17	PASS
/Xlib9/XDrawPoint/XDrawPoint	18	PASS
/Xlib9/XDrawPoint/XDrawPoint	19	PASS
/Xlib9/XDrawPoint/XDrawPoint	2	PASS
/Xlib9/XDrawPoint/XDrawPoint	20	PASS
/Xlib9/XDrawPoint/XDrawPoint	21	PASS
/Xlib9/XDrawPoint/XDrawPoint	22	PASS
/Xlib9/XDrawPoint/XDrawPoint	23	PASS
/Xlib9/XDrawPoint/XDrawPoint	24	PASS
/Xlib9/XDrawPoint/XDrawPoint	25	PASS
/Xlib9/XDrawPoint/XDrawPoint	26	PASS
/Xlib9/XDrawPoint/XDrawPoint	27	PASS
/Xlib9/XDrawPoint/XDrawPoint	28	PASS
/Xlib9/XDrawPoint/XDrawPoint	29	PASS
/Xlib9/XDrawPoint/XDrawPoint	3	PASS
/Xlib9/XDrawPoint/XDrawPoint	30	PASS
/Xlib9/XDrawPoint/XDrawPoint	31	PASS
/Xlib9/XDrawPoint/XDrawPoint	32	PASS
/Xlib9/XDrawPoint/XDrawPoint	33	PASS
/Xlib9/XDrawPoint/XDrawPoint	34	UNSUPPORTED
/Xlib9/XDrawPoint/XDrawPoint	4	PASS
/Xlib9/XDrawPoint/XDrawPoint	5	PASS
/Xlib9/XDrawPoint/XDrawPoint	6	PASS
/Xlib9/XDrawPoint/XDrawPoint	7	PASS
/Xlib9/XDrawPoint/XDrawPoint	8	PASS
/Xlib9/XDrawPoint/XDrawPoint	9	PASS
/Xlib9/XDrawPoints/XDrawPoints	1	PASS
/Xlib9/XDrawPoints/XDrawPoints	10	PASS
/Xlib9/XDrawPoints/XDrawPoints	11	PASS
/Xlib9/XDrawPoints/XDrawPoints	12	PASS
/Xlib9/XDrawPoints/XDrawPoints	13	PASS
/Xlib9/XDrawPoints/XDrawPoints	14	PASS
/Xlib9/XDrawPoints/XDrawPoints	15	PASS
/Xlib9/XDrawPoints/XDrawPoints	16	PASS
/Xlib9/XDrawPoints/XDrawPoints	17	PASS
/Xlib9/XDrawPoints/XDrawPoints	18	PASS
/Xlib9/XDrawPoints/XDrawPoints	19	PASS
/Xlib9/XDrawPoints/XDrawPoints	2	NOTINUSE
/Xlib9/XDrawPoints/XDrawPoints	20	PASS
/Xlib9/XDrawPoints/XDrawPoints	21	PASS
/Xlib9/XDrawPoints/XDrawPoints	22	PASS
/Xlib9/XDrawPoints/XDrawPoints	23	PASS
/Xlib9/XDrawPoints/XDrawPoints	24	PASS
/Xlib9/XDrawPoints/XDrawPoints	25	PASS
/Xlib9/XDrawPoints/XDrawPoints	26	PASS
/Xlib9/XDrawPoints/XDrawPoints	27	PASS
/Xlib9/XDrawPoints/XDrawPoints	28	PASS
/Xlib9/XDrawPoints/XDrawPoints	29	PASS
/Xlib9/XDrawPoints/XDrawPoints	3	PASS
/Xlib9/XDrawPoints/XDrawPoints	30	PASS
/Xlib9/XDrawPoints/XDrawPoints	31	PASS
/Xlib9/XDrawPoints/XDrawPoints	32	PASS
/Xlib9/XDrawPoints/XDrawPoints	33	PASS
/Xlib9/XDrawPoints/XDrawPoints	34	PASS
/Xlib9/XDrawPoints/XDrawPoints	35	PASS
/Xlib9/XDrawPoints/XDrawPoints	36	PASS
/Xlib9/XDrawPoints/XDrawPoints	37	UNSUPPORTED
/Xlib9/XDrawPoints/XDrawPoints	38	PASS
/Xlib9/XDrawPoints/XDrawPoints	4	UNTESTED
/Xlib9/XDrawPoints/XDrawPoints	5	PASS
/Xlib9/XDrawPoints/XDrawPoints	6	PASS
/Xlib9/XDrawPoints/XDrawPoints	7	PASS
/Xlib9/XDrawPoints/XDrawPoints	8	PASS
/Xlib9/XDrawPoints/XDrawPoints	9	PASS
/Xlib9/XDrawRectangle/XDrawRectangle	1	PASS
/Xlib9/XDrawRectangle/XDrawRectangle	10	PASS
/Xlib9/XDrawRectangle/XDrawRectangle	11	PASS
/Xlib9/XDrawRectangle/XDrawRectangle	12	PASS
/Xlib9/XDrawRectangle/XDrawRectangle	13	PASS
/Xlib9/XDrawRectangle/XDrawRectangle	14	PASS
/Xlib9/XDrawRectangle/XDrawRectangle	15	PASS
/Xlib9/XDrawRectangle/XDrawRectangle	16	PASS
/Xlib9/XDrawRectangle/XDrawRectangle	17	PASS
/Xlib9/XDrawRectangle/XDrawRectangle	18	PASS
/Xlib9/XDrawRectangle/XDrawRectangle	19	PASS
/Xlib9/XDrawRectangle/XDrawRectangle	2	NOTINUSE
/Xlib9/XDrawRectangle/XDrawRectangle	20	PASS
/Xlib9/XDrawRectangle/XDrawRectangle	21	PASS
/Xlib9/XDrawRectangle/XDrawRectangle	22	PASS
/Xlib9/XDrawRectangle/XDrawRectangle	23	PASS
/Xlib9/XDrawRectangle/XDrawRectangle	24	NOTINUSE
/Xlib9/XDrawRectangle/XDrawRectangle	25	PASS
/Xlib9/XDrawRectangle/XDrawRectangle	26	UNTESTED
/Xlib9/XDrawRectangle/XDrawRectangle	27	PASS
/Xlib9/XDrawRectangle/XDrawRectangle	28	NOTINUSE
/Xlib9/XDrawRectangle/XDrawRectangle	29	NOTINUSE
/Xlib9/XDrawRectangle/XDrawRectangle	3	NOTINUSE
/Xlib9/XDrawRectangle/XDrawRectangle	30	NOTINUSE
/Xlib9/XDrawRectangle/XDrawRectangle	31	PASS
/Xlib9/XDrawRectangle/XDrawRectangle	32	NOTINUSE
/Xlib9/XDrawRectangle/XDrawRectangle	33	NOTINUSE
/Xlib9/XDrawRectangle/XDrawRectangle	34	NOTINUSE
/Xlib9/XDrawRectangle/XDrawRectangle	35	NOTINUSE
/Xlib9/XDrawRectangle/XDrawRectangle	36	NOTINUSE
/Xlib9/XDrawRectangle/XDrawRectangle	37	NOTINUSE
/Xlib9/XDrawRectangle/XDrawRectangle	38	FAIL
/Xlib9/XDrawRectangle/XDrawRectangle	39	FAIL
/Xlib9/XDrawRectangle/XDrawRectangle	4	PASS
/Xlib9/XDrawRectangle/XDrawRectangle	40	FAIL
/Xlib9/XDrawRectangle/XDrawRectangle	41	PASS
/Xlib9/XDrawRectangle/XDrawRectangle	42	FAIL
/Xlib9/XDrawRectangle/XDrawRectangle	43	FAIL
/Xlib9/XDrawRectangle/XDrawRectangle	44	FAIL
/Xlib9/XDrawRectangle/XDrawRectangle	45	NOTINUSE
/Xlib9/XDrawRectangle/XDrawRectangle	46	NOTINUSE
/Xlib9/XDrawRectangle/XDrawRectangle	47	NOTINUSE
/Xlib9/XDrawRectangle/XDrawRectangle	48	NOTINUSE
/Xlib9/XDrawRectangle/XDrawRectangle	49	PASS
/Xlib9/XDrawRectangle/XDrawRectangle	5	PASS
/Xlib9/XDrawRectangle/XDrawRectangle	50	PASS
/Xlib9/XDrawRectangle/XDrawRectangle	51	PASS
/Xlib9/XDrawRectangle/XDrawRectangle	52	PASS
/Xlib9/XDrawRectangle/XDrawRectangle	53	PASS
/Xlib9/XDrawRectangle/XDrawRectangle	54	PASS
/Xlib9/XDrawRectangle/XDrawRectangle	55	PASS
/Xlib9/XDrawRectangle/XDrawRectangle	56	NOTINUSE
/Xlib9/XDrawRectangle/XDrawRectangle	57	PASS
/Xlib9/XDrawRectangle/XDrawRectangle	58	PASS
/Xlib9/XDrawRectangle/XDrawRectangle	59	PASS
/Xlib9/XDrawRectangle/XDrawRectangle	6	PASS
/Xlib9/XDrawRectangle/XDrawRectangle	60	PASS
/Xlib9/XDrawRectangle/XDrawRectangle	61	PASS
/Xlib9/XDrawRectangle/XDrawRectangle	62	PASS
/Xlib9/XDrawRectangle/XDrawRectangle	63	PASS
/Xlib9/XDrawRectangle/XDrawRectangle	64	PASS
/Xlib9/XDrawRectangle/XDrawRectangle	65	PASS
/Xlib9/XDrawRectangle/XDrawRectangle	66	PASS
/Xlib9/XDrawRectangle/XDrawRectangle	67	PASS
/Xlib9/XDrawRectangle/XDrawRectangle	68	PASS
/Xlib9/XDrawRectangle/XDrawRectangle	69	PASS
/Xlib9/XDrawRectangle/XDrawRectangle	7	PASS
/Xlib9/XDrawRectangle/XDrawRectangle	70	PASS
/Xlib9/XDrawRectangle/XDrawRectangle	71	PASS
/Xlib9/XDrawRectangle/XDrawRectangle	72	PASS
/Xlib9/XDrawRectangle/XDrawRectangle	73	PASS
/Xlib9/XDrawRectangle/XDrawRectangle	74	PASS
/Xlib9/XDrawRectangle/XDrawRectangle	75	PASS
/Xlib9/XDrawRectangle/XDrawRectangle	76	PASS
/Xlib9/XDrawRectangle/XDrawRectangle	77	NOTINUSE
/Xlib9/XDrawRectangle/XDrawRectangle	78	NOTINUSE
/Xlib9/XDrawRectangle/XDrawRectangle	79	PASS
/Xlib9/XDrawRectangle/XDrawRectangle	8	PASS
/Xlib9/XDrawRectangle/XDrawRectangle	80	PASS
/Xlib9/XDrawRectangle/XDrawRectangle	81	PASS
/Xlib9/XDrawRectangle/XDrawRectangle	82	PASS
/Xlib9/XDrawRectangle/XDrawRectangle	83	UNSUPPORTED
/Xlib9/XDrawRectangle/XDrawRectangle	9	PASS
/Xlib9/XDrawRectangles/XDrawRectangles	1	PASS
/Xlib9/XDrawRectangles/XDrawRectangles	10	PASS
/Xlib9/XDrawRectangles/XDrawRectangles	11	PASS
/Xlib9/XDrawRectangles/XDrawRectangles	12	PASS
/Xlib9/XDrawRectangles/XDrawRectangles	13	PASS
/Xlib9/XDrawRectangles/XDrawRectangles	14	PASS
/Xlib9/XDrawRectangles/XDrawRectangles	15	PASS
/Xlib9/XDrawRectangles/XDrawRectangles	16	PASS
/Xlib9/XDrawRectangles/XDrawRectangles	17	PASS
/Xlib9/XDrawRectangles/XDrawRectangles	18	PASS
/Xlib9/XDrawRectangles/XDrawRectangles	19	PASS
/Xlib9/XDrawRectangles/XDrawRectangles	2	NOTINUSE
/Xlib9/XDrawRectangles/XDrawRectangles	20	PASS
/Xlib9/XDrawRectangles/XDrawRectangles	21	PASS
/Xlib9/XDrawRectangles/XDrawRectangles	22	PASS
/Xlib9/XDrawRectangles/XDrawRectangles	23	PASS
/Xlib9/XDrawRectangles/XDrawRectangles	24	PASS
/Xlib9/XDrawRectangles/XDrawRectangles	25	PASS
/Xlib9/XDrawRectangles/XDrawRectangles	26	NOTINUSE
/Xlib9/XDrawRectangles/XDrawRectangles	27	PASS
/Xlib9/XDrawRectangles/XDrawRectangles	28	UNTESTED
/Xlib9/XDrawRectangles/XDrawRectangles	29	PASS
/Xlib9/XDrawRectangles/XDrawRectangles	3	NOTINUSE
/Xlib9/XDrawRectangles/XDrawRectangles	30	NOTINUSE
/Xlib9/XDrawRectangles/XDrawRectangles	31	NOTINUSE
/Xlib9/XDrawRectangles/XDrawRectangles	32	NOTINUSE
/Xlib9/XDrawRectangles/XDrawRectangles	33	PASS
/Xlib9/XDrawRectangles/XDrawRectangles	34	NOTINUSE
/Xlib9/XDrawRectangles/XDrawRectangles	35	NOTINUSE
/Xlib9/XDrawRectangles/XDrawRectangles	36	NOTINUSE
/Xlib9/XDrawRectangles/XDrawRectangles	37	NOTINUSE
/Xlib9/XDrawRectangles/XDrawRectangles	38	NOTINUSE
/Xlib9/XDrawRectangles/XDrawRectangles	39	NOTINUSE
/Xlib9/XDrawRectangles/XDrawRectangles	4	UNTESTED
/Xlib9/XDrawRectangles/XDrawRectangles	40	FAIL
/Xlib9/XDrawRectangles/XDrawRectangles	41	FAIL
/Xlib9/XDrawRectangles/XDrawRectangles	42	FAIL
/Xlib9/XDrawRectangles/XDrawRectangles	43	PASS
/Xlib9/XDrawRectangles/XDrawRectangles	44	FAIL
/Xlib9/XDrawRectangles/XDrawRectangles	45	FAIL
/Xlib9/XDrawRectangles/XDrawRectangles	46	FAIL
/Xlib9/XDrawRectangles/XDrawRectangles	47	NOTINUSE
/Xlib9/XDrawRectangles/XDrawRectangles	48	NOTINUSE
/Xlib9/XDrawRectangles/XDrawRectangles	49	NOTINUSE
/Xlib9/XDrawRectangles/XDrawRectangles	5	PASS
/Xlib9/XDrawRectangles/XDrawRectangles	50	NOTINUSE
/Xlib9/XDrawRectangles/XDrawRectangles	51	PASS
/Xlib9/XDrawRectangles/XDrawRectangles	52	PASS
/Xlib9/XDrawRectangles/XDrawRectangles	53	PASS
/Xlib9/XDrawRectangles/XDrawRectangles	54	PASS
/Xlib9/XDrawRectangles/XDrawRectangles	55	PASS
/Xlib9/XDrawRectangles/XDrawRectangles	56	PASS
/Xlib9/XDrawRectangles/XDrawRectangles	57	PASS
/Xlib9/XDrawRectangles/XDrawRectangles	58	NOTINUSE
/Xlib9/XDrawRectangles/XDrawRectangles	59	PASS
/Xlib9/XDrawRectangles/XDrawRectangles	6	PASS
/Xlib9/XDrawRectangles/XDrawRectangles	60	PASS
/Xlib9/XDrawRectangles/XDrawRectangles	61	PASS
/Xlib9/XDrawRectangles/XDrawRectangles	62	PASS
/Xlib9/XDrawRectangles/XDrawRectangles	63	PASS
/Xlib9/XDrawRectangles/XDrawRectangles	64	PASS
/Xlib9/XDrawRectangles/XDrawRectangles	65	PASS
/Xlib9/XDrawRectangles/XDrawRectangles	66	PASS
/Xlib9/XDrawRectangles/XDrawRectangles	67	PASS
/Xlib9/XDrawRectangles/XDrawRectangles	68	PASS
/Xlib9/XDrawRectangles/XDrawRectangles	69	PASS
/Xlib9/XDrawRectangles/XDrawRectangles	7	PASS
/Xlib9/XDrawRectangles/XDrawRectangles	70	PASS
/Xlib9/XDrawRectangles/XDrawRectangles	71	PASS
/Xlib9/XDrawRectangles/XDrawRectangles	72	PASS
/Xlib9/XDrawRectangles/XDrawRectangles	73	PASS
/Xlib9/XDrawRectangles/XDrawRectangles	74	PASS
/Xlib9/XDrawRectangles/XDrawRectangles	75	PASS
/Xlib9/XDrawRectangles/XDrawRectangles	76	PASS
/Xlib9/XDrawRectangles/XDrawRectangles	77	PASS
/Xlib9/XDrawRectangles/XDrawRectangles	78	PASS
/Xlib9/XDrawRectangles/XDrawRectangles	79	NOTINUSE
/Xlib9/XDrawRectangles/XDrawRectangles	8	PASS
/Xlib9/XDrawRectangles/XDrawRectangles	80	NOTINUSE
/Xlib9/XDrawRectangles/XDrawRectangles	81	PASS
/Xlib9/XDrawRectangles/XDrawRectangles	82	PASS
/Xlib9/XDrawRectangles/XDrawRectangles	83	PASS
/Xlib9/XDrawRectangles/XDrawRectangles	84	PASS
/Xlib9/XDrawRectangles/XDrawRectangles	85	UNSUPPORTED
/Xlib9/XDrawRectangles/XDrawRectangles	9	PASS
/Xlib9/XDrawSegments/XDrawSegments	1	PASS
/Xlib9/XDrawSegments/XDrawSegments	10	PASS
/Xlib9/XDrawSegments/XDrawSegments	11	PASS
/Xlib9/XDrawSegments/XDrawSegments	12	PASS
/Xlib9/XDrawSegments/XDrawSegments	13	PASS
/Xlib9/XDrawSegments/XDrawSegments	14	PASS
/Xlib9/XDrawSegments/XDrawSegments	15	PASS
/Xlib9/XDrawSegments/XDrawSegments	16	PASS
/Xlib9/XDrawSegments/XDrawSegments	17	PASS
/Xlib9/XDrawSegments/XDrawSegments	18	PASS
/Xlib9/XDrawSegments/XDrawSegments	19	PASS
/Xlib9/XDrawSegments/XDrawSegments	2	UNTESTED
/Xlib9/XDrawSegments/XDrawSegments	20	PASS
/Xlib9/XDrawSegments/XDrawSegments	21	PASS
/Xlib9/XDrawSegments/XDrawSegments	22	PASS
/Xlib9/XDrawSegments/XDrawSegments	23	PASS
/Xlib9/XDrawSegments/XDrawSegments	24	PASS
/Xlib9/XDrawSegments/XDrawSegments	25	PASS
/Xlib9/XDrawSegments/XDrawSegments	26	PASS
/Xlib9/XDrawSegments/XDrawSegments	27	UNTESTED
/Xlib9/XDrawSegments/XDrawSegments	28	PASS
/Xlib9/XDrawSegments/XDrawSegments	29	NOTINUSE
/Xlib9/XDrawSegments/XDrawSegments	3	PASS
/Xlib9/XDrawSegments/XDrawSegments	30	NOTINUSE
/Xlib9/XDrawSegments/XDrawSegments	31	NOTINUSE
/Xlib9/XDrawSegments/XDrawSegments	32	PASS
/Xlib9/XDrawSegments/XDrawSegments	33	NOTINUSE
/Xlib9/XDrawSegments/XDrawSegments	34	NOTINUSE
/Xlib9/XDrawSegments/XDrawSegments	35	NOTINUSE
/Xlib9/XDrawSegments/XDrawSegments	36	NOTINUSE
/Xlib9/XDrawSegments/XDrawSegments	37	NOTINUSE
/Xlib9/XDrawSegments/XDrawSegments	38	NOTINUSE
/Xlib9/XDrawSegments/XDrawSegments	39	FAIL
/Xlib9/XDrawSegments/XDrawSegments	4	PASS
/Xlib9/XDrawSegments/XDrawSegments	40	FAIL
/Xlib9/XDrawSegments/XDrawSegments	41	FAIL
/Xlib9/XDrawSegments/XDrawSegments	42	PASS
/Xlib9/XDrawSegments/XDrawSegments	43	PASS
/Xlib9/XDrawSegments/XDrawSegments	44	PASS
/Xlib9/XDrawSegments/XDrawSegments	45	FAIL
/Xlib9/XDrawSegments/XDrawSegments	46	NOTINUSE
/Xlib9/XDrawSegments/XDrawSegments	47	NOTINUSE
/Xlib9/XDrawSegments/XDrawSegments	48	NOTINUSE
/Xlib9/XDrawSegments/XDrawSegments	49	NOTINUSE
/Xlib9/XDrawSegments/XDrawSegments	5	PASS
/Xlib9/XDrawSegments/XDrawSegments	50	PASS
/Xlib9/XDrawSegments/XDrawSegments	51	PASS
/Xlib9/XDrawSegments/XDrawSegments	52	PASS
/Xlib9/XDrawSegments/XDrawSegments	53	PASS
/Xlib9/XDrawSegments/XDrawSegments	54	PASS
/Xlib9/XDrawSegments/XDrawSegments	55	PASS
/Xlib9/XDrawSegments/XDrawSegments	56	PASS
/Xlib9/XDrawSegments/XDrawSegments	57	PASS
/Xlib9/XDrawSegments/XDrawSegments	58	PASS
/Xlib9/XDrawSegments/XDrawSegments	59	PASS
/Xlib9/XDrawSegments/XDrawSegments	6	PASS
/Xlib9/XDrawSegments/XDrawSegments	60	PASS
/Xlib9/XDrawSegments/XDrawSegments	61	PASS
/Xlib9/XDrawSegments/XDrawSegments	62	PASS
/Xlib9/XDrawSegments/XDrawSegments	63	PASS
/Xlib9/XDrawSegments/XDrawSegments	64	PASS
/Xlib9/XDrawSegments/XDrawSegments	65	NOTINUSE
/Xlib9/XDrawSegments/XDrawSegments	66	PASS
/Xlib9/XDrawSegments/XDrawSegments	67	FAIL
/Xlib9/XDrawSegments/XDrawSegments	68	FAIL
/Xlib9/XDrawSegments/XDrawSegments	69	FAIL
/Xlib9/XDrawSegments/XDrawSegments	7	PASS
/Xlib9/XDrawSegments/XDrawSegments	70	PASS
/Xlib9/XDrawSegments/XDrawSegments	71	PASS
/Xlib9/XDrawSegments/XDrawSegments	72	PASS
/Xlib9/XDrawSegments/XDrawSegments	73	PASS
/Xlib9/XDrawSegments/XDrawSegments	74	PASS
/Xlib9/XDrawSegments/XDrawSegments	75	PASS
/Xlib9/XDrawSegments/XDrawSegments	76	PASS
/Xlib9/XDrawSegments/XDrawSegments	77	PASS
/Xlib9/XDrawSegments/XDrawSegments	78	PASS
/Xlib9/XDrawSegments/XDrawSegments	79	PASS
/Xlib9/XDrawSegments/XDrawSegments	8	PASS
/Xlib9/XDrawSegments/XDrawSegments	80	PASS
/Xlib9/XDrawSegments/XDrawSegments	81	PASS
/Xlib9/XDrawSegments/XDrawSegments	82	FAIL
/Xlib9/XDrawSegments/XDrawSegments	83	PASS
/Xlib9/XDrawSegments/XDrawSegments	84	PASS
/Xlib9/XDrawSegments/XDrawSegments	85	PASS
/Xlib9/XDrawSegments/XDrawSegments	86	NOTINUSE
/Xlib9/XDrawSegments/XDrawSegments	87	NOTINUSE
/Xlib9/XDrawSegments/XDrawSegments	88	PASS
/Xlib9/XDrawSegments/XDrawSegments	89	PASS
/Xlib9/XDrawSegments/XDrawSegments	9	PASS
/Xlib9/XDrawSegments/XDrawSegments	90	PASS
/Xlib9/XDrawSegments/XDrawSegments	91	PASS
/Xlib9/XDrawSegments/XDrawSegments	92	UNSUPPORTED
/Xlib9/XDrawString/XDrawString	1	PASS
/Xlib9/XDrawString/XDrawString	10	PASS
/Xlib9/XDrawString/XDrawString	11	PASS
/Xlib9/XDrawString/XDrawString	12	PASS
/Xlib9/XDrawString/XDrawString	13	PASS
/Xlib9/XDrawString/XDrawString	14	PASS
/Xlib9/XDrawString/XDrawString	15	PASS
/Xlib9/XDrawString/XDrawString	16	PASS
/Xlib9/XDrawString/XDrawString	17	PASS
/Xlib9/XDrawString/XDrawString	18	PASS
/Xlib9/XDrawString/XDrawString	19	PASS
/Xlib9/XDrawString/XDrawString	2	UNTESTED
/Xlib9/XDrawString/XDrawString	20	PASS
/Xlib9/XDrawString/XDrawString	21	PASS
/Xlib9/XDrawString/XDrawString	22	PASS
/Xlib9/XDrawString/XDrawString	23	PASS
/Xlib9/XDrawString/XDrawString	24	PASS
/Xlib9/XDrawString/XDrawString	25	PASS
/Xlib9/XDrawString/XDrawString	26	PASS
/Xlib9/XDrawString/XDrawString	27	PASS
/Xlib9/XDrawString/XDrawString	28	FAIL
/Xlib9/XDrawString/XDrawString	29	PASS
/Xlib9/XDrawString/XDrawString	3	PASS
/Xlib9/XDrawString/XDrawString	30	PASS
/Xlib9/XDrawString/XDrawString	31	PASS
/Xlib9/XDrawString/XDrawString	32	PASS
/Xlib9/XDrawString/XDrawString	33	PASS
/Xlib9/XDrawString/XDrawString	34	PASS
/Xlib9/XDrawString/XDrawString	35	PASS
/Xlib9/XDrawString/XDrawString	36	PASS
/Xlib9/XDrawString/XDrawString	37	PASS
/Xlib9/XDrawString/XDrawString	38	PASS
/Xlib9/XDrawString/XDrawString	39	PASS
/Xlib9/XDrawString/XDrawString	4	NOTINUSE
/Xlib9/XDrawString/XDrawString	40	PASS
/Xlib9/XDrawString/XDrawString	41	PASS
/Xlib9/XDrawString/XDrawString	42	PASS
/Xlib9/XDrawString/XDrawString	43	PASS
/Xlib9/XDrawString/XDrawString	44	UNSUPPORTED
/Xlib9/XDrawString/XDrawString	5	PASS
/Xlib9/XDrawString/XDrawString	6	PASS
/Xlib9/XDrawString/XDrawString	7	PASS
/Xlib9/XDrawString/XDrawString	8	PASS
/Xlib9/XDrawString/XDrawString	9	PASS
/Xlib9/XDrawString16/XDrawString16	1	PASS
/Xlib9/XDrawString16/XDrawString16	10	PASS
/Xlib9/XDrawString16/XDrawString16	11	PASS
/Xlib9/XDrawString16/XDrawString16	12	PASS
/Xlib9/XDrawString16/XDrawString16	13	PASS
/Xlib9/XDrawString16/XDrawString16	14	PASS
/Xlib9/XDrawString16/XDrawString16	15	PASS
/Xlib9/XDrawString16/XDrawString16	16	PASS
/Xlib9/XDrawString16/XDrawString16	17	PASS
/Xlib9/XDrawString16/XDrawString16	18	PASS
/Xlib9/XDrawString16/XDrawString16	19	PASS
/Xlib9/XDrawString16/XDrawString16	2	UNTESTED
/Xlib9/XDrawString16/XDrawString16	20	PASS
/Xlib9/XDrawString16/XDrawString16	21	PASS
/Xlib9/XDrawString16/XDrawString16	22	PASS
/Xlib9/XDrawString16/XDrawString16	23	PASS
/Xlib9/XDrawString16/XDrawString16	24	PASS
/Xlib9/XDrawString16/XDrawString16	25	PASS
/Xlib9/XDrawString16/XDrawString16	26	PASS
/Xlib9/XDrawString16/XDrawString16	27	PASS
/Xlib9/XDrawString16/XDrawString16	28	FAIL
/Xlib9/XDrawString16/XDrawString16	29	PASS
/Xlib9/XDrawString16/XDrawString16	3	PASS
/Xlib9/XDrawString16/XDrawString16	30	PASS
/Xlib9/XDrawString16/XDrawString16	31	PASS
/Xlib9/XDrawString16/XDrawString16	32	PASS
/Xlib9/XDrawString16/XDrawString16	33	PASS
/Xlib9/XDrawString16/XDrawString16	34	PASS
/Xlib9/XDrawString16/XDrawString16	35	PASS
/Xlib9/XDrawString16/XDrawString16	36	PASS
/Xlib9/XDrawString16/XDrawString16	37	PASS
/Xlib9/XDrawString16/XDrawString16	38	PASS
/Xlib9/XDrawString16/XDrawString16	39	PASS
/Xlib9/XDrawString16/XDrawString16	4	NOTINUSE
/Xlib9/XDrawString16/XDrawString16	40	PASS
/Xlib9/XDrawString16/XDrawString16	41	PASS
/Xlib9/XDrawString16/XDrawString16	42	PASS
/Xlib9/XDrawString16/XDrawString16	43	PASS
/Xlib9/XDrawString16/XDrawString16	44	UNSUPPORTED
/Xlib9/XDrawString16/XDrawString16	5	PASS
/Xlib9/XDrawString16/XDrawString16	6	PASS
/Xlib9/XDrawString16/XDrawString16	7	PASS
/Xlib9/XDrawString16/XDrawString16	8	PASS
/Xlib9/XDrawString16/XDrawString16	9	PASS
/Xlib9/XDrawText/XDrawText	1	PASS
/Xlib9/XDrawText/XDrawText	10	PASS
/Xlib9/XDrawText/XDrawText	11	PASS
/Xlib9/XDrawText/XDrawText	12	PASS
/Xlib9/XDrawText/XDrawText	13	PASS
/Xlib9/XDrawText/XDrawText	14	PASS
/Xlib9/XDrawText/XDrawText	15	PASS
/Xlib9/XDrawText/XDrawText	16	PASS
/Xlib9/XDrawText/XDrawText	17	PASS
/Xlib9/XDrawText/XDrawText	18	PASS
/Xlib9/XDrawText/XDrawText	19	PASS
/Xlib9/XDrawText/XDrawText	2	UNTESTED
/Xlib9/XDrawText/XDrawText	20	PASS
/Xlib9/XDrawText/XDrawText	21	PASS
/Xlib9/XDrawText/XDrawText	22	PASS
/Xlib9/XDrawText/XDrawText	23	PASS
/Xlib9/XDrawText/XDrawText	24	PASS
/Xlib9/XDrawText/XDrawText	25	PASS
/Xlib9/XDrawText/XDrawText	26	PASS
/Xlib9/XDrawText/XDrawText	27	PASS
/Xlib9/XDrawText/XDrawText	28	PASS
/Xlib9/XDrawText/XDrawText	29	PASS
/Xlib9/XDrawText/XDrawText	3	PASS
/Xlib9/XDrawText/XDrawText	30	PASS
/Xlib9/XDrawText/XDrawText	31	PASS
/Xlib9/XDrawText/XDrawText	32	FAIL
/Xlib9/XDrawText/XDrawText	33	PASS
/Xlib9/XDrawText/XDrawText	34	PASS
/Xlib9/XDrawText/XDrawText	35	PASS
/Xlib9/XDrawText/XDrawText	36	PASS
/Xlib9/XDrawText/XDrawText	37	PASS
/Xlib9/XDrawText/XDrawText	38	PASS
/Xlib9/XDrawText/XDrawText	39	PASS
/Xlib9/XDrawText/XDrawText	4	PASS
/Xlib9/XDrawText/XDrawText	40	PASS
/Xlib9/XDrawText/XDrawText	41	PASS
/Xlib9/XDrawText/XDrawText	42	PASS
/Xlib9/XDrawText/XDrawText	43	PASS
/Xlib9/XDrawText/XDrawText	44	PASS
/Xlib9/XDrawText/XDrawText	45	PASS
/Xlib9/XDrawText/XDrawText	46	PASS
/Xlib9/XDrawText/XDrawText	47	PASS
/Xlib9/XDrawText/XDrawText	48	UNSUPPORTED
/Xlib9/XDrawText/XDrawText	49	PASS
/Xlib9/XDrawText/XDrawText	5	PASS
/Xlib9/XDrawText/XDrawText	50	PASS
/Xlib9/XDrawText/XDrawText	6	NOTINUSE
/Xlib9/XDrawText/XDrawText	7	NOTINUSE
/Xlib9/XDrawText/XDrawText	8	NOTINUSE
/Xlib9/XDrawText/XDrawText	9	PASS
/Xlib9/XDrawText16/XDrawText16	1	PASS
/Xlib9/XDrawText16/XDrawText16	10	PASS
/Xlib9/XDrawText16/XDrawText16	11	PASS
/Xlib9/XDrawText16/XDrawText16	12	PASS
/Xlib9/XDrawText16/XDrawText16	13	PASS
/Xlib9/XDrawText16/XDrawText16	14	PASS
/Xlib9/XDrawText16/XDrawText16	15	PASS
/Xlib9/XDrawText16/XDrawText16	16	PASS
/Xlib9/XDrawText16/XDrawText16	17	PASS
/Xlib9/XDrawText16/XDrawText16	18	PASS
/Xlib9/XDrawText16/XDrawText16	19	PASS
/Xlib9/XDrawText16/XDrawText16	2	UNTESTED
/Xlib9/XDrawText16/XDrawText16	20	PASS
/Xlib9/XDrawText16/XDrawText16	21	PASS
/Xlib9/XDrawText16/XDrawText16	22	PASS
/Xlib9/XDrawText16/XDrawText16	23	PASS
/Xlib9/XDrawText16/XDrawText16	24	PASS
/Xlib9/XDrawText16/XDrawText16	25	PASS
/Xlib9/XDrawText16/XDrawText16	26	PASS
/Xlib9/XDrawText16/XDrawText16	27	PASS
/Xlib9/XDrawText16/XDrawText16	28	PASS
/Xlib9/XDrawText16/XDrawText16	29	PASS
/Xlib9/XDrawText16/XDrawText16	3	PASS
/Xlib9/XDrawText16/XDrawText16	30	PASS
/Xlib9/XDrawText16/XDrawText16	31	PASS
/Xlib9/XDrawText16/XDrawText16	32	PASS
/Xlib9/XDrawText16/XDrawText16	33	PASS
/Xlib9/XDrawText16/XDrawText16	34	PASS
/Xlib9/XDrawText16/XDrawText16	35	PASS
/Xlib9/XDrawText16/XDrawText16	36	PASS
/Xlib9/XDrawText16/XDrawText16	37	PASS
/Xlib9/XDrawText16/XDrawText16	38	PASS
/Xlib9/XDrawText16/XDrawText16	39	PASS
/Xlib9/XDrawText16/XDrawText16	4	PASS
/Xlib9/XDrawText16/XDrawText16	40	PASS
/Xlib9/XDrawText16/XDrawText16	41	PASS
/Xlib9/XDrawText16/XDrawText16	42	PASS
/Xlib9/XDrawText16/XDrawText16	43	PASS
/Xlib9/XDrawText16/XDrawText16	44	PASS
/Xlib9/XDrawText16/XDrawText16	45	PASS
/Xlib9/XDrawText16/XDrawText16	46	PASS
/Xlib9/XDrawText16/XDrawText16	47	PASS
/Xlib9/XDrawText16/XDrawText16	48	UNSUPPORTED
/Xlib9/XDrawText16/XDrawText16	49	PASS
/Xlib9/XDrawText16/XDrawText16	5	NOTINUSE
/Xlib9/XDrawText16/XDrawText16	50	PASS
/Xlib9/XDrawText16/XDrawText16	6	NOTINUSE
/Xlib9/XDrawText16/XDrawText16	7	NOTINUSE
/Xlib9/XDrawText16/XDrawText16	8	NOTINUSE
/Xlib9/XDrawText16/XDrawText16	9	PASS
/Xlib9/XFillArc/XFillArc	1	PASS
/Xlib9/XFillArc/XFillArc	10	PASS
/Xlib9/XFillArc/XFillArc	11	PASS
/Xlib9/XFillArc/XFillArc	12	PASS
/Xlib9/XFillArc/XFillArc	13	PASS
/Xlib9/XFillArc/XFillArc	14	PASS
/Xlib9/XFillArc/XFillArc	15	PASS
/Xlib9/XFillArc/XFillArc	16	PASS
/Xlib9/XFillArc/XFillArc	17	PASS
/Xlib9/XFillArc/XFillArc	18	PASS
/Xlib9/XFillArc/XFillArc	19	PASS
/Xlib9/XFillArc/XFillArc	2	PASS
/Xlib9/XFillArc/XFillArc	20	PASS
/Xlib9/XFillArc/XFillArc	21	PASS
/Xlib9/XFillArc/XFillArc	22	PASS
/Xlib9/XFillArc/XFillArc	23	PASS
/Xlib9/XFillArc/XFillArc	24	FAIL
/Xlib9/XFillArc/XFillArc	25	FAIL
/Xlib9/XFillArc/XFillArc	26	FAIL
/Xlib9/XFillArc/XFillArc	27	PASS
/Xlib9/XFillArc/XFillArc	28	FAIL
/Xlib9/XFillArc/XFillArc	29	PASS
/Xlib9/XFillArc/XFillArc	3	PASS
/Xlib9/XFillArc/XFillArc	30	PASS
/Xlib9/XFillArc/XFillArc	31	PASS
/Xlib9/XFillArc/XFillArc	32	PASS
/Xlib9/XFillArc/XFillArc	33	PASS
/Xlib9/XFillArc/XFillArc	34	PASS
/Xlib9/XFillArc/XFillArc	35	PASS
/Xlib9/XFillArc/XFillArc	36	PASS
/Xlib9/XFillArc/XFillArc	37	PASS
/Xlib9/XFillArc/XFillArc	38	PASS
/Xlib9/XFillArc/XFillArc	39	FAIL
/Xlib9/XFillArc/XFillArc	4	PASS
/Xlib9/XFillArc/XFillArc	40	PASS
/Xlib9/XFillArc/XFillArc	41	PASS
/Xlib9/XFillArc/XFillArc	42	PASS
/Xlib9/XFillArc/XFillArc	43	PASS
/Xlib9/XFillArc/XFillArc	44	UNSUPPORTED
/Xlib9/XFillArc/XFillArc	5	PASS
/Xlib9/XFillArc/XFillArc	6	PASS
/Xlib9/XFillArc/XFillArc	7	PASS
/Xlib9/XFillArc/XFillArc	8	PASS
/Xlib9/XFillArc/XFillArc	9	PASS
/Xlib9/XFillArcs/XFillArcs	1	PASS
/Xlib9/XFillArcs/XFillArcs	10	PASS
/Xlib9/XFillArcs/XFillArcs	11	PASS
/Xlib9/XFillArcs/XFillArcs	12	PASS
/Xlib9/XFillArcs/XFillArcs	13	PASS
/Xlib9/XFillArcs/XFillArcs	14	PASS
/Xlib9/XFillArcs/XFillArcs	15	PASS
/Xlib9/XFillArcs/XFillArcs	16	PASS
/Xlib9/XFillArcs/XFillArcs	17	PASS
/Xlib9/XFillArcs/XFillArcs	18	PASS
/Xlib9/XFillArcs/XFillArcs	19	PASS
/Xlib9/XFillArcs/XFillArcs	2	PASS
/Xlib9/XFillArcs/XFillArcs	20	PASS
/Xlib9/XFillArcs/XFillArcs	21	PASS
/Xlib9/XFillArcs/XFillArcs	22	PASS
/Xlib9/XFillArcs/XFillArcs	23	PASS
/Xlib9/XFillArcs/XFillArcs	24	PASS
/Xlib9/XFillArcs/XFillArcs	25	PASS
/Xlib9/XFillArcs/XFillArcs	26	FAIL
/Xlib9/XFillArcs/XFillArcs	27	FAIL
/Xlib9/XFillArcs/XFillArcs	28	FAIL
/Xlib9/XFillArcs/XFillArcs	29	PASS
/Xlib9/XFillArcs/XFillArcs	3	PASS
/Xlib9/XFillArcs/XFillArcs	30	PASS
/Xlib9/XFillArcs/XFillArcs	31	PASS
/Xlib9/XFillArcs/XFillArcs	32	PASS
/Xlib9/XFillArcs/XFillArcs	33	PASS
/Xlib9/XFillArcs/XFillArcs	34	PASS
/Xlib9/XFillArcs/XFillArcs	35	PASS
/Xlib9/XFillArcs/XFillArcs	36	PASS
/Xlib9/XFillArcs/XFillArcs	37	PASS
/Xlib9/XFillArcs/XFillArcs	38	PASS
/Xlib9/XFillArcs/XFillArcs	39	PASS
/Xlib9/XFillArcs/XFillArcs	4	PASS
/Xlib9/XFillArcs/XFillArcs	40	PASS
/Xlib9/XFillArcs/XFillArcs	41	FAIL
/Xlib9/XFillArcs/XFillArcs	42	PASS
/Xlib9/XFillArcs/XFillArcs	43	PASS
/Xlib9/XFillArcs/XFillArcs	44	PASS
/Xlib9/XFillArcs/XFillArcs	45	PASS
/Xlib9/XFillArcs/XFillArcs	46	UNSUPPORTED
/Xlib9/XFillArcs/XFillArcs	5	UNTESTED
/Xlib9/XFillArcs/XFillArcs	6	PASS
/Xlib9/XFillArcs/XFillArcs	7	PASS
/Xlib9/XFillArcs/XFillArcs	8	PASS
/Xlib9/XFillArcs/XFillArcs	9	PASS
/Xlib9/XFillPolygon/XFillPolygon	1	PASS
/Xlib9/XFillPolygon/XFillPolygon	10	PASS
/Xlib9/XFillPolygon/XFillPolygon	11	PASS
/Xlib9/XFillPolygon/XFillPolygon	12	PASS
/Xlib9/XFillPolygon/XFillPolygon	13	PASS
/Xlib9/XFillPolygon/XFillPolygon	14	PASS
/Xlib9/XFillPolygon/XFillPolygon	15	PASS
/Xlib9/XFillPolygon/XFillPolygon	16	PASS
/Xlib9/XFillPolygon/XFillPolygon	17	PASS
/Xlib9/XFillPolygon/XFillPolygon	18	PASS
/Xlib9/XFillPolygon/XFillPolygon	19	PASS
/Xlib9/XFillPolygon/XFillPolygon	2	PASS
/Xlib9/XFillPolygon/XFillPolygon	20	PASS
/Xlib9/XFillPolygon/XFillPolygon	21	PASS
/Xlib9/XFillPolygon/XFillPolygon	22	PASS
/Xlib9/XFillPolygon/XFillPolygon	23	PASS
/Xlib9/XFillPolygon/XFillPolygon	24	PASS
/Xlib9/XFillPolygon/XFillPolygon	25	PASS
/Xlib9/XFillPolygon/XFillPolygon	26	PASS
/Xlib9/XFillPolygon/XFillPolygon	27	PASS
/Xlib9/XFillPolygon/XFillPolygon	28	PASS
/Xlib9/XFillPolygon/XFillPolygon	29	FAIL
/Xlib9/XFillPolygon/XFillPolygon	3	PASS
/Xlib9/XFillPolygon/XFillPolygon	30	FAIL
/Xlib9/XFillPolygon/XFillPolygon	31	FAIL
/Xlib9/XFillPolygon/XFillPolygon	32	PASS
/Xlib9/XFillPolygon/XFillPolygon	33	PASS
/Xlib9/XFillPolygon/XFillPolygon	34	PASS
/Xlib9/XFillPolygon/XFillPolygon	35	PASS
/Xlib9/XFillPolygon/XFillPolygon	36	PASS
/Xlib9/XFillPolygon/XFillPolygon	37	PASS
/Xlib9/XFillPolygon/XFillPolygon	38	PASS
/Xlib9/XFillPolygon/XFillPolygon	39	PASS
/Xlib9/XFillPolygon/XFillPolygon	4	PASS
/Xlib9/XFillPolygon/XFillPolygon	40	PASS
/Xlib9/XFillPolygon/XFillPolygon	41	PASS
/Xlib9/XFillPolygon/XFillPolygon	42	PASS
/Xlib9/XFillPolygon/XFillPolygon	43	PASS
/Xlib9/XFillPolygon/XFillPolygon	44	FAIL
/Xlib9/XFillPolygon/XFillPolygon	45	PASS
/Xlib9/XFillPolygon/XFillPolygon	46	PASS
/Xlib9/XFillPolygon/XFillPolygon	47	NOTINUSE
/Xlib9/XFillPolygon/XFillPolygon	48	NOTINUSE
/Xlib9/XFillPolygon/XFillPolygon	49	PASS
/Xlib9/XFillPolygon/XFillPolygon	5	PASS
/Xlib9/XFillPolygon/XFillPolygon	50	PASS
/Xlib9/XFillPolygon/XFillPolygon	51	PASS
/Xlib9/XFillPolygon/XFillPolygon	52	PASS
/Xlib9/XFillPolygon/XFillPolygon	53	UNSUPPORTED
/Xlib9/XFillPolygon/XFillPolygon	54	PASS
/Xlib9/XFillPolygon/XFillPolygon	55	PASS
/Xlib9/XFillPolygon/XFillPolygon	6	NOTINUSE
/Xlib9/XFillPolygon/XFillPolygon	7	NOTINUSE
/Xlib9/XFillPolygon/XFillPolygon	8	PASS
/Xlib9/XFillPolygon/XFillPolygon	9	PASS
/Xlib9/XFillRectangle/XFillRectangle	1	PASS
/Xlib9/XFillRectangle/XFillRectangle	10	PASS
/Xlib9/XFillRectangle/XFillRectangle	11	PASS
/Xlib9/XFillRectangle/XFillRectangle	12	PASS
/Xlib9/XFillRectangle/XFillRectangle	13	PASS
/Xlib9/XFillRectangle/XFillRectangle	14	PASS
/Xlib9/XFillRectangle/XFillRectangle	15	PASS
/Xlib9/XFillRectangle/XFillRectangle	16	PASS
/Xlib9/XFillRectangle/XFillRectangle	17	PASS
/Xlib9/XFillRectangle/XFillRectangle	18	PASS
/Xlib9/XFillRectangle/XFillRectangle	19	PASS
/Xlib9/XFillRectangle/XFillRectangle	2	NOTINUSE
/Xlib9/XFillRectangle/XFillRectangle	20	PASS
/Xlib9/XFillRectangle/XFillRectangle	21	PASS
/Xlib9/XFillRectangle/XFillRectangle	22	PASS
/Xlib9/XFillRectangle/XFillRectangle	23	PASS
/Xlib9/XFillRectangle/XFillRectangle	24	PASS
/Xlib9/XFillRectangle/XFillRectangle	25	PASS
/Xlib9/XFillRectangle/XFillRectangle	26	PASS
/Xlib9/XFillRectangle/XFillRectangle	27	FAIL
/Xlib9/XFillRectangle/XFillRectangle	28	PASS
/Xlib9/XFillRectangle/XFillRectangle	29	PASS
/Xlib9/XFillRectangle/XFillRectangle	3	PASS
/Xlib9/XFillRectangle/XFillRectangle	30	PASS
/Xlib9/XFillRectangle/XFillRectangle	31	PASS
/Xlib9/XFillRectangle/XFillRectangle	32	PASS
/Xlib9/XFillRectangle/XFillRectangle	33	PASS
/Xlib9/XFillRectangle/XFillRectangle	34	PASS
/Xlib9/XFillRectangle/XFillRectangle	35	PASS
/Xlib9/XFillRectangle/XFillRectangle	36	PASS
/Xlib9/XFillRectangle/XFillRectangle	37	PASS
/Xlib9/XFillRectangle/XFillRectangle	38	PASS
/Xlib9/XFillRectangle/XFillRectangle	39	PASS
/Xlib9/XFillRectangle/XFillRectangle	4	PASS
/Xlib9/XFillRectangle/XFillRectangle	40	PASS
/Xlib9/XFillRectangle/XFillRectangle	41	PASS
/Xlib9/XFillRectangle/XFillRectangle	42	PASS
/Xlib9/XFillRectangle/XFillRectangle	43	UNSUPPORTED
/Xlib9/XFillRectangle/XFillRectangle	5	PASS
/Xlib9/XFillRectangle/XFillRectangle	6	PASS
/Xlib9/XFillRectangle/XFillRectangle	7	PASS
/Xlib9/XFillRectangle/XFillRectangle	8	PASS
/Xlib9/XFillRectangle/XFillRectangle	9	PASS
/Xlib9/XFillRectangles/XFillRectangles	1	PASS
/Xlib9/XFillRectangles/XFillRectangles	10	PASS
/Xlib9/XFillRectangles/XFillRectangles	11	PASS
/Xlib9/XFillRectangles/XFillRectangles	12	PASS
/Xlib9/XFillRectangles/XFillRectangles	13	PASS
/Xlib9/XFillRectangles/XFillRectangles	14	PASS
/Xlib9/XFillRectangles/XFillRectangles	15	PASS
/Xlib9/XFillRectangles/XFillRectangles	16	PASS
/Xlib9/XFillRectangles/XFillRectangles	17	PASS
/Xlib9/XFillRectangles/XFillRectangles	18	PASS
/Xlib9/XFillRectangles/XFillRectangles	19	PASS
/Xlib9/XFillRectangles/XFillRectangles	2	NOTINUSE
/Xlib9/XFillRectangles/XFillRectangles	20	PASS
/Xlib9/XFillRectangles/XFillRectangles	21	PASS
/Xlib9/XFillRectangles/XFillRectangles	22	PASS
/Xlib9/XFillRectangles/XFillRectangles	23	PASS
/Xlib9/XFillRectangles/XFillRectangles	24	PASS
/Xlib9/XFillRectangles/XFillRectangles	25	PASS
/Xlib9/XFillRectangles/XFillRectangles	26	PASS
/Xlib9/XFillRectangles/XFillRectangles	27	PASS
/Xlib9/XFillRectangles/XFillRectangles	28	PASS
/Xlib9/XFillRectangles/XFillRectangles	29	PASS
/Xlib9/XFillRectangles/XFillRectangles	3	PASS
/Xlib9/XFillRectangles/XFillRectangles	30	PASS
/Xlib9/XFillRectangles/XFillRectangles	31	PASS
/Xlib9/XFillRectangles/XFillRectangles	32	PASS
/Xlib9/XFillRectangles/XFillRectangles	33	PASS
/Xlib9/XFillRectangles/XFillRectangles	34	PASS
/Xlib9/XFillRectangles/XFillRectangles	35	PASS
/Xlib9/XFillRectangles/XFillRectangles	36	PASS
/Xlib9/XFillRectangles/XFillRectangles	37	PASS
/Xlib9/XFillRectangles/XFillRectangles	38	PASS
/Xlib9/XFillRectangles/XFillRectangles	39	PASS
/Xlib9/XFillRectangles/XFillRectangles	4	PASS
/Xlib9/XFillRectangles/XFillRectangles	40	PASS
/Xlib9/XFillRectangles/XFillRectangles	41	PASS
/Xlib9/XFillRectangles/XFillRectangles	42	PASS
/Xlib9/XFillRectangles/XFillRectangles	43	PASS
/Xlib9/XFillRectangles/XFillRectangles	44	UNSUPPORTED
/Xlib9/XFillRectangles/XFillRectangles	5	PASS
/Xlib9/XFillRectangles/XFillRectangles	6	PASS
/Xlib9/XFillRectangles/XFillRectangles	7	PASS
/Xlib9/XFillRectangles/XFillRectangles	8	PASS
/Xlib9/XFillRectangles/XFillRectangles	9	PASS
/Xlib9/XFreeFont	1	PASS
/Xlib9/XFreeFont	2	UNTESTED
/Xlib9/XFreeFont	3	PASS
/Xlib9/XFreeFontInfo	1	UNTESTED
/Xlib9/XFreeFontInfo	2	UNTESTED
/Xlib9/XFreeFontNames	1	UNTESTED
/Xlib9/XFreeFontPath	1	UNTESTED
/Xlib9/XGetFontPath	1	PASS
/Xlib9/XGetFontProperty	1	PASS
/Xlib9/XGetFontProperty	2	PASS
/Xlib9/XGetImage	1	PASS
/Xlib9/XGetImage	10	UNTESTED
/Xlib9/XGetImage	11	PASS
/Xlib9/XGetImage	12	PASS
/Xlib9/XGetImage	13	PASS
/Xlib9/XGetImage	14	PASS
/Xlib9/XGetImage	15	PASS
/Xlib9/XGetImage	16	PASS
/Xlib9/XGetImage	17	PASS
/Xlib9/XGetImage	2	PASS
/Xlib9/XGetImage	3	NOTINUSE
/Xlib9/XGetImage	4	PASS
/Xlib9/XGetImage	5	NOTINUSE
/Xlib9/XGetImage	6	NOTINUSE
/Xlib9/XGetImage	7	PASS
/Xlib9/XGetImage	8	UNTESTED
/Xlib9/XGetImage	9	UNTESTED
/Xlib9/XGetSubImage	1	PASS
/Xlib9/XGetSubImage	10	UNTESTED
/Xlib9/XGetSubImage	11	PASS
/Xlib9/XGetSubImage	12	PASS
/Xlib9/XGetSubImage	13	PASS
/Xlib9/XGetSubImage	14	PASS
/Xlib9/XGetSubImage	15	PASS
/Xlib9/XGetSubImage	16	PASS
/Xlib9/XGetSubImage	17	PASS
/Xlib9/XGetSubImage	2	PASS
/Xlib9/XGetSubImage	3	PASS
/Xlib9/XGetSubImage	4	PASS
/Xlib9/XGetSubImage	5	NOTINUSE
/Xlib9/XGetSubImage	6	PASS
/Xlib9/XGetSubImage	7	PASS
/Xlib9/XGetSubImage	8	UNTESTED
/Xlib9/XGetSubImage	9	UNTESTED
/Xlib9/XListFonts	1	PASS
/Xlib9/XListFonts	2	PASS
/Xlib9/XListFonts	3	PASS
/Xlib9/XListFonts	4	PASS
/Xlib9/XListFonts	5	PASS
/Xlib9/XListFonts	6	PASS
/Xlib9/XListFontsWithInfo	1	PASS
/Xlib9/XListFontsWithInfo	2	PASS
/Xlib9/XListFontsWithInfo	3	FAIL
/Xlib9/XListFontsWithInfo	4	FAIL
/Xlib9/XListFontsWithInfo	5	PASS
/Xlib9/XListFontsWithInfo	6	PASS
/Xlib9/XListFontsWithInfo	7	UNTESTED
/Xlib9/XLoadFont/XLoadFont	1	PASS
/Xlib9/XLoadFont/XLoadFont	2	PASS
/Xlib9/XLoadFont/XLoadFont	3	PASS
/Xlib9/XLoadFont/XLoadFont	4	PASS
/Xlib9/XLoadFont/XLoadFont	5	UNTESTED
/Xlib9/XLoadQueryFont/XLoadQueryFont	1	FAIL
/Xlib9/XLoadQueryFont/XLoadQueryFont	2	PASS
/Xlib9/XLoadQueryFont/XLoadQueryFont	3	PASS
/Xlib9/XLoadQueryFont/XLoadQueryFont	4	PASS
/Xlib9/XLoadQueryFont/XLoadQueryFont	5	UNTESTED
/Xlib9/XPutImage/XPutImage	1	PASS
/Xlib9/XPutImage/XPutImage	10	PASS
/Xlib9/XPutImage/XPutImage	11	PASS
/Xlib9/XPutImage/XPutImage	12	PASS
/Xlib9/XPutImage/XPutImage	13	PASS
/Xlib9/XPutImage/XPutImage	14	PASS
/Xlib9/XPutImage/XPutImage	15	PASS
/Xlib9/XPutImage/XPutImage	16	PASS
/Xlib9/XPutImage/XPutImage	17	PASS
/Xlib9/XPutImage/XPutImage	18	PASS
/Xlib9/XPutImage/XPutImage	19	PASS
/Xlib9/XPutImage/XPutImage	2	PASS
/Xlib9/XPutImage/XPutImage	20	PASS
/Xlib9/XPutImage/XPutImage	21	PASS
/Xlib9/XPutImage/XPutImage	22	PASS
/Xlib9/XPutImage/XPutImage	23	PASS
/Xlib9/XPutImage/XPutImage	24	PASS
/Xlib9/XPutImage/XPutImage	25	PASS
/Xlib9/XPutImage/XPutImage	26	PASS
/Xlib9/XPutImage/XPutImage	27	PASS
/Xlib9/XPutImage/XPutImage	28	PASS
/Xlib9/XPutImage/XPutImage	29	PASS
/Xlib9/XPutImage/XPutImage	3	PASS
/Xlib9/XPutImage/XPutImage	30	PASS
/Xlib9/XPutImage/XPutImage	31	PASS
/Xlib9/XPutImage/XPutImage	32	PASS
/Xlib9/XPutImage/XPutImage	33	PASS
/Xlib9/XPutImage/XPutImage	34	PASS
/Xlib9/XPutImage/XPutImage	35	PASS
/Xlib9/XPutImage/XPutImage	36	PASS
/Xlib9/XPutImage/XPutImage	37	PASS
/Xlib9/XPutImage/XPutImage	38	PASS
/Xlib9/XPutImage/XPutImage	39	PASS
/Xlib9/XPutImage/XPutImage	4	PASS
/Xlib9/XPutImage/XPutImage	40	UNSUPPORTED
/Xlib9/XPutImage/XPutImage	5	PASS
/Xlib9/XPutImage/XPutImage	6	PASS
/Xlib9/XPutImage/XPutImage	7	PASS
/Xlib9/XPutImage/XPutImage	8	PASS
/Xlib9/XPutImage/XPutImage	9	PASS
/Xlib9/XQueryFont	1	FAIL
/Xlib9/XQueryFont	2	FAIL
/Xlib9/XQueryFont	3	PASS
/Xlib9/XQueryTextExtents	1	PASS
/Xlib9/XQueryTextExtents	10	NOTINUSE
/Xlib9/XQueryTextExtents	11	NOTINUSE
/Xlib9/XQueryTextExtents	12	PASS
/Xlib9/XQueryTextExtents	2	PASS
/Xlib9/XQueryTextExtents	3	NOTINUSE
/Xlib9/XQueryTextExtents	4	NOTINUSE
/Xlib9/XQueryTextExtents	5	NOTINUSE
/Xlib9/XQueryTextExtents	6	NOTINUSE
/Xlib9/XQueryTextExtents	7	NOTINUSE
/Xlib9/XQueryTextExtents	8	NOTINUSE
/Xlib9/XQueryTextExtents	9	NOTINUSE
/Xlib9/XQueryTextExtents16	1	PASS
/Xlib9/XQueryTextExtents16	10	NOTINUSE
/Xlib9/XQueryTextExtents16	11	NOTINUSE
/Xlib9/XQueryTextExtents16	12	NOTINUSE
/Xlib9/XQueryTextExtents16	13	PASS
/Xlib9/XQueryTextExtents16	2	PASS
/Xlib9/XQueryTextExtents16	3	NOTINUSE
/Xlib9/XQueryTextExtents16	4	NOTINUSE
/Xlib9/XQueryTextExtents16	5	NOTINUSE
/Xlib9/XQueryTextExtents16	6	NOTINUSE
/Xlib9/XQueryTextExtents16	7	NOTINUSE
/Xlib9/XQueryTextExtents16	8	NOTINUSE
/Xlib9/XQueryTextExtents16	9	NOTINUSE
/Xlib9/XSetFontPath	1	PASS
/Xlib9/XSetFontPath	2	PASS
/Xlib9/XSetFontPath	3	UNTESTED
/Xlib9/XSetFontPath	4	PASS
/Xlib9/XTextExtents	1	PASS
/Xlib9/XTextExtents	10	NOTINUSE
/Xlib9/XTextExtents	2	NOTINUSE
/Xlib9/XTextExtents	3	NOTINUSE
/Xlib9/XTextExtents	4	NOTINUSE
/Xlib9/XTextExtents	5	NOTINUSE
/Xlib9/XTextExtents	6	NOTINUSE
/Xlib9/XTextExtents	7	NOTINUSE
/Xlib9/XTextExtents	8	NOTINUSE
/Xlib9/XTextExtents	9	NOTINUSE
/Xlib9/XTextExtents16	1	PASS
/Xlib9/XTextExtents16	10	NOTINUSE
/Xlib9/XTextExtents16	11	NOTINUSE
/Xlib9/XTextExtents16	2	NOTINUSE
/Xlib9/XTextExtents16	3	NOTINUSE
/Xlib9/XTextExtents16	4	NOTINUSE
/Xlib9/XTextExtents16	5	NOTINUSE
/Xlib9/XTextExtents16	6	NOTINUSE
/Xlib9/XTextExtents16	7	NOTINUSE
/Xlib9/XTextExtents16	8	NOTINUSE
/Xlib9/XTextExtents16	9	NOTINUSE
/Xlib9/XTextWidth	1	PASS
/Xlib9/XTextWidth16	1	PASS
/Xlib9/XTextWidth16	2	UNTESTED
/Xlib9/XUnloadFont	1	PASS
/Xlib9/XUnloadFont	2	UNTESTED
/Xlib9/XUnloadFont	3	PASS
/Xopen/XAllocNamedColor	1	PASS
/Xopen/XAllocNamedColor	2	PASS
/Xopen/XAllocNamedColor	3	PASS
/Xopen/XAllocNamedColor	4	PASS
/Xopen/XAllocNamedColor	5	UNSUPPORTED
/Xopen/XAllocNamedColor	6	PASS
/Xopen/XAllocNamedColor	7	PASS
/Xopen/XCreateFontCursor	1	PASS
/Xopen/XCreateFontCursor	10	PASS
/Xopen/XCreateFontCursor	11	PASS
/Xopen/XCreateFontCursor	12	PASS
/Xopen/XCreateFontCursor	13	PASS
/Xopen/XCreateFontCursor	14	PASS
/Xopen/XCreateFontCursor	15	PASS
/Xopen/XCreateFontCursor	16	PASS
/Xopen/XCreateFontCursor	17	PASS
/Xopen/XCreateFontCursor	18	PASS
/Xopen/XCreateFontCursor	19	PASS
/Xopen/XCreateFontCursor	2	PASS
/Xopen/XCreateFontCursor	20	PASS
/Xopen/XCreateFontCursor	21	PASS
/Xopen/XCreateFontCursor	22	PASS
/Xopen/XCreateFontCursor	23	PASS
/Xopen/XCreateFontCursor	24	PASS
/Xopen/XCreateFontCursor	25	PASS
/Xopen/XCreateFontCursor	26	PASS
/Xopen/XCreateFontCursor	27	PASS
/Xopen/XCreateFontCursor	28	PASS
/Xopen/XCreateFontCursor	29	PASS
/Xopen/XCreateFontCursor	3	PASS
/Xopen/XCreateFontCursor	30	PASS
/Xopen/XCreateFontCursor	31	PASS
/Xopen/XCreateFontCursor	4	PASS
/Xopen/XCreateFontCursor	5	PASS
/Xopen/XCreateFontCursor	6	PASS
/Xopen/XCreateFontCursor	7	PASS
/Xopen/XCreateFontCursor	8	PASS
/Xopen/XCreateFontCursor	9	PASS
/Xopen/XKeysymToKeycode/XKeysymToKeycode	1	PASS
/Xopen/XKeysymToKeycode/XKeysymToKeycode	10	PASS
/Xopen/XKeysymToKeycode/XKeysymToKeycode	11	PASS
/Xopen/XKeysymToKeycode/XKeysymToKeycode	12	PASS
/Xopen/XKeysymToKeycode/XKeysymToKeycode	13	PASS
/Xopen/XKeysymToKeycode/XKeysymToKeycode	14	PASS
/Xopen/XKeysymToKeycode/XKeysymToKeycode	2	PASS
/Xopen/XKeysymToKeycode/XKeysymToKeycode	3	PASS
/Xopen/XKeysymToKeycode/XKeysymToKeycode	4	PASS
/Xopen/XKeysymToKeycode/XKeysymToKeycode	5	PASS
/Xopen/XKeysymToKeycode/XKeysymToKeycode	6	PASS
/Xopen/XKeysymToKeycode/XKeysymToKeycode	7	PASS
/Xopen/XKeysymToKeycode/XKeysymToKeycode	8	PASS
/Xopen/XKeysymToKeycode/XKeysymToKeycode	9	PASS
/Xopen/XLookupColor	1	PASS
/Xopen/XLookupColor	2	PASS
/Xopen/XLookupColor	3	PASS
/Xopen/XLookupColor	4	PASS
/Xopen/XLookupColor	5	UNSUPPORTED
/Xopen/XLookupColor	6	PASS
/Xopen/XLookupColor	7	PASS
/Xopen/XStringToKeysym/XStringToKeysym	1	PASS
/Xopen/XStringToKeysym/XStringToKeysym	10	PASS
/Xopen/XStringToKeysym/XStringToKeysym	11	PASS
/Xopen/XStringToKeysym/XStringToKeysym	12	PASS
/Xopen/XStringToKeysym/XStringToKeysym	13	PASS
/Xopen/XStringToKeysym/XStringToKeysym	14	PASS
/Xopen/XStringToKeysym/XStringToKeysym	2	PASS
/Xopen/XStringToKeysym/XStringToKeysym	3	PASS
/Xopen/XStringToKeysym/XStringToKeysym	4	PASS
/Xopen/XStringToKeysym/XStringToKeysym	5	PASS
/Xopen/XStringToKeysym/XStringToKeysym	6	PASS
/Xopen/XStringToKeysym/XStringToKeysym	7	PASS
/Xopen/XStringToKeysym/XStringToKeysym	8	PASS
/Xopen/XStringToKeysym/XStringToKeysym	9	PASS
/Xopen/cursorfont	1	PASS
/Xopen/cursorfont	10	PASS
/Xopen/cursorfont	11	PASS
/Xopen/cursorfont	12	PASS
/Xopen/cursorfont	13	PASS
/Xopen/cursorfont	14	PASS
/Xopen/cursorfont	15	PASS
/Xopen/cursorfont	16	PASS
/Xopen/cursorfont	17	PASS
/Xopen/cursorfont	18	PASS
/Xopen/cursorfont	19	PASS
/Xopen/cursorfont	2	PASS
/Xopen/cursorfont	20	PASS
/Xopen/cursorfont	21	PASS
/Xopen/cursorfont	22	PASS
/Xopen/cursorfont	23	PASS
/Xopen/cursorfont	24	PASS
/Xopen/cursorfont	25	PASS
/Xopen/cursorfont	26	PASS
/Xopen/cursorfont	27	PASS
/Xopen/cursorfont	28	PASS
/Xopen/cursorfont	29	PASS
/Xopen/cursorfont	3	PASS
/Xopen/cursorfont	30	PASS
/Xopen/cursorfont	31	PASS
/Xopen/cursorfont	32	PASS
/Xopen/cursorfont	4	PASS
/Xopen/cursorfont	5	PASS
/Xopen/cursorfont	6	PASS
/Xopen/cursorfont	7	PASS
/Xopen/cursorfont	8	PASS
/Xopen/cursorfont	9	PASS
/Xopen/keysym/keysym	1	PASS
/Xopen/keysym/keysym	2	PASS
/Xopen/keysym/keysym	3	PASS
/Xopen/keysym/keysym	4	PASS
/Xopen/keysym/keysym	5	PASS
/Xopen/keysym/keysym	6	PASS
/Xopen/keysym/keysym	7	PASS
/Xopen/keysymdef/keysymdef	1	PASS
/Xopen/keysymdef/keysymdef	10	PASS
/Xopen/keysymdef/keysymdef	11	PASS
/Xopen/keysymdef/keysymdef	12	PASS
/Xopen/keysymdef/keysymdef	13	PASS
/Xopen/keysymdef/keysymdef	14	PASS
/Xopen/keysymdef/keysymdef	15	PASS
/Xopen/keysymdef/keysymdef	2	PASS
/Xopen/keysymdef/keysymdef	3	PASS
/Xopen/keysymdef/keysymdef	4	PASS
/Xopen/keysymdef/keysymdef	5	PASS
/Xopen/keysymdef/keysymdef	6	PASS
/Xopen/keysymdef/keysymdef	7	PASS
/Xopen/keysymdef/keysymdef	8	PASS
/Xopen/keysymdef/keysymdef	9	PASS
/Xproto/pAllocColor	1	PASS
/Xproto/pAllocColor	2	PASS
/Xproto/pAllocColor	3	PASS
/Xproto/pAllocColorCells	1	PASS
/Xproto/pAllocColorCells	2	PASS
/Xproto/pAllocColorCells	3	PASS
/Xproto/pAllocColorPlanes	1	PASS
/Xproto/pAllocColorPlanes	2	PASS
/Xproto/pAllocColorPlanes	3	PASS
/Xproto/pAllocNamedColor	1	PASS
/Xproto/pAllocNamedColor	2	PASS
/Xproto/pAllocNamedColor	3	PASS
/Xproto/pAllowEvents	1	PASS
/Xproto/pAllowEvents	2	PASS
/Xproto/pAllowEvents	3	PASS
/Xproto/pBadRequest	1	PASS
/Xproto/pBell	1	PASS
/Xproto/pBell	2	UNTESTED
/Xproto/pBell	3	PASS
/Xproto/pChangeActivePointerGrab	1	PASS
/Xproto/pChangeActivePointerGrab	2	PASS
/Xproto/pChangeActivePointerGrab	3	PASS
/Xproto/pChangeGC	1	PASS
/Xproto/pChangeGC	2	PASS
/Xproto/pChangeGC	3	PASS
/Xproto/pChangeGC	4	PASS
/Xproto/pChangeHosts	1	PASS
/Xproto/pChangeHosts	2	PASS
/Xproto/pChangeHosts	3	PASS
/Xproto/pChangeKeyboardControl	1	PASS
/Xproto/pChangeKeyboardControl	2	PASS
/Xproto/pChangeKeyboardControl	3	PASS
/Xproto/pChangeKeyboardControl	4	PASS
/Xproto/pChangeKeyboardMapping	1	PASS
/Xproto/pChangeKeyboardMapping	2	PASS
/Xproto/pChangeKeyboardMapping	3	PASS
/Xproto/pChangePointerControl	1	PASS
/Xproto/pChangePointerControl	2	PASS
/Xproto/pChangePointerControl	3	PASS
/Xproto/pChangeProperty	1	PASS
/Xproto/pChangeProperty	2	PASS
/Xproto/pChangeProperty	3	PASS
/Xproto/pChangeSaveSet	1	PASS
/Xproto/pChangeSaveSet	2	PASS
/Xproto/pChangeSaveSet	3	PASS
/Xproto/pChangeWindowAttributes	1	PASS
/Xproto/pChangeWindowAttributes	2	PASS
/Xproto/pChangeWindowAttributes	3	PASS
/Xproto/pChangeWindowAttributes	4	PASS
/Xproto/pCirculateWindow	1	PASS
/Xproto/pCirculateWindow	2	PASS
/Xproto/pCirculateWindow	3	PASS
/Xproto/pClearArea	1	PASS
/Xproto/pClearArea	2	PASS
/Xproto/pClearArea	3	PASS
/Xproto/pCloseFont	1	PASS
/Xproto/pCloseFont	2	PASS
/Xproto/pCloseFont	3	PASS
/Xproto/pConfigureWindow	1	PASS
/Xproto/pConfigureWindow	2	PASS
/Xproto/pConfigureWindow	3	PASS
/Xproto/pConfigureWindow	4	PASS
/Xproto/pConvertSelection	1	PASS
/Xproto/pConvertSelection	2	PASS
/Xproto/pConvertSelection	3	PASS
/Xproto/pCopyArea	1	PASS
/Xproto/pCopyArea	2	PASS
/Xproto/pCopyArea	3	PASS
/Xproto/pCopyColormapAndFree	1	PASS
/Xproto/pCopyColormapAndFree	2	PASS
/Xproto/pCopyColormapAndFree	3	PASS
/Xproto/pCopyColormapAndFree	4	PASS
/Xproto/pCopyColormapAndFree	5	PASS
/Xproto/pCopyGC	1	PASS
/Xproto/pCopyGC	2	PASS
/Xproto/pCopyGC	3	PASS
/Xproto/pCopyGC	4	PASS
/Xproto/pCopyPlane	1	PASS
/Xproto/pCopyPlane	2	PASS
/Xproto/pCopyPlane	3	PASS
/Xproto/pCreateColormap	1	PASS
/Xproto/pCreateColormap	2	PASS
/Xproto/pCreateColormap	3	PASS
/Xproto/pCreateColormap	4	PASS
/Xproto/pCreateColormap	5	PASS
/Xproto/pCreateCursor	1	PASS
/Xproto/pCreateCursor	2	PASS
/Xproto/pCreateCursor	3	PASS
/Xproto/pCreateCursor	4	PASS
/Xproto/pCreateCursor	5	PASS
/Xproto/pCreateGC	1	PASS
/Xproto/pCreateGC	2	PASS
/Xproto/pCreateGC	3	PASS
/Xproto/pCreateGC	4	PASS
/Xproto/pCreateGC	5	PASS
/Xproto/pCreateGC	6	PASS
/Xproto/pCreateGlyphCursor	1	PASS
/Xproto/pCreateGlyphCursor	2	PASS
/Xproto/pCreateGlyphCursor	3	PASS
/Xproto/pCreateGlyphCursor	4	PASS
/Xproto/pCreateGlyphCursor	5	PASS
/Xproto/pCreatePixmap	1	PASS
/Xproto/pCreatePixmap	2	PASS
/Xproto/pCreatePixmap	3	PASS
/Xproto/pCreatePixmap	4	PASS
/Xproto/pCreatePixmap	5	PASS
/Xproto/pCreateWindow	1	PASS
/Xproto/pCreateWindow	2	PASS
/Xproto/pCreateWindow	3	PASS
/Xproto/pCreateWindow	4	PASS
/Xproto/pCreateWindow	5	PASS
/Xproto/pCreateWindow	6	PASS
/Xproto/pDeleteProperty	1	PASS
/Xproto/pDeleteProperty	2	PASS
/Xproto/pDeleteProperty	3	PASS
/Xproto/pDestroySubwindows	1	PASS
/Xproto/pDestroySubwindows	2	PASS
/Xproto/pDestroySubwindows	3	PASS
/Xproto/pDestroyWindow	1	PASS
/Xproto/pDestroyWindow	2	PASS
/Xproto/pDestroyWindow	3	PASS
/Xproto/pFillPoly	1	PASS
/Xproto/pFillPoly	2	PASS
/Xproto/pFillPoly	3	PASS
/Xproto/pForceScreenSaver	1	PASS
/Xproto/pForceScreenSaver	2	UNTESTED
/Xproto/pForceScreenSaver	3	PASS
/Xproto/pFreeColormap	1	PASS
/Xproto/pFreeColormap	2	PASS
/Xproto/pFreeColormap	3	PASS
/Xproto/pFreeColors	1	PASS
/Xproto/pFreeColors	2	PASS
/Xproto/pFreeColors	3	PASS
/Xproto/pFreeCursor	1	PASS
/Xproto/pFreeCursor	2	PASS
/Xproto/pFreeCursor	3	PASS
/Xproto/pFreeGC	1	PASS
/Xproto/pFreeGC	2	PASS
/Xproto/pFreeGC	3	PASS
/Xproto/pFreePixmap	1	PASS
/Xproto/pFreePixmap	2	PASS
/Xproto/pFreePixmap	3	PASS
/Xproto/pGetAtomName	1	PASS
/Xproto/pGetAtomName	2	PASS
/Xproto/pGetAtomName	3	PASS
/Xproto/pGetFontPath	1	PASS
/Xproto/pGetFontPath	2	UNTESTED
/Xproto/pGetFontPath	3	PASS
/Xproto/pGetGeometry	1	PASS
/Xproto/pGetGeometry	2	PASS
/Xproto/pGetGeometry	3	PASS
/Xproto/pGetImage	1	PASS
/Xproto/pGetImage	2	PASS
/Xproto/pGetImage	3	PASS
/Xproto/pGetInputFocus	1	PASS
/Xproto/pGetInputFocus	2	UNTESTED
/Xproto/pGetInputFocus	3	PASS
/Xproto/pGetKeyboardControl	1	PASS
/Xproto/pGetKeyboardControl	2	UNTESTED
/Xproto/pGetKeyboardControl	3	PASS
/Xproto/pGetKeyboardMapping	1	PASS
/Xproto/pGetKeyboardMapping	2	PASS
/Xproto/pGetKeyboardMapping	3	PASS
/Xproto/pGetModifierMapping	1	PASS
/Xproto/pGetModifierMapping	2	UNTESTED
/Xproto/pGetModifierMapping	3	PASS
/Xproto/pGetMotionEvents	1	PASS
/Xproto/pGetMotionEvents	2	PASS
/Xproto/pGetMotionEvents	3	PASS
/Xproto/pGetPointerControl	1	PASS
/Xproto/pGetPointerControl	2	UNTESTED
/Xproto/pGetPointerControl	3	PASS
/Xproto/pGetPointerMapping	1	PASS
/Xproto/pGetPointerMapping	2	UNTESTED
/Xproto/pGetPointerMapping	3	PASS
/Xproto/pGetProperty	1	PASS
/Xproto/pGetProperty	2	PASS
/Xproto/pGetProperty	3	PASS
/Xproto/pGetScreenSaver	1	PASS
/Xproto/pGetScreenSaver	2	UNTESTED
/Xproto/pGetScreenSaver	3	PASS
/Xproto/pGetSelectionOwner	1	PASS
/Xproto/pGetSelectionOwner	2	PASS
/Xproto/pGetSelectionOwner	3	PASS
/Xproto/pGetWindowAttributes	1	PASS
/Xproto/pGetWindowAttributes	2	PASS
/Xproto/pGetWindowAttributes	3	PASS
/Xproto/pGrabButton	1	PASS
/Xproto/pGrabButton	2	PASS
/Xproto/pGrabButton	3	PASS
/Xproto/pGrabKey	1	PASS
/Xproto/pGrabKey	2	PASS
/Xproto/pGrabKey	3	PASS
/Xproto/pGrabKeyboard	1	PASS
/Xproto/pGrabKeyboard	2	PASS
/Xproto/pGrabKeyboard	3	PASS
/Xproto/pGrabPointer	1	PASS
/Xproto/pGrabPointer	2	PASS
/Xproto/pGrabPointer	3	PASS
/Xproto/pGrabServer	1	PASS
/Xproto/pGrabServer	2	UNTESTED
/Xproto/pGrabServer	3	PASS
/Xproto/pImageText16	1	PASS
/Xproto/pImageText16	2	PASS
/Xproto/pImageText16	3	PASS
/Xproto/pImageText8	1	PASS
/Xproto/pImageText8	2	PASS
/Xproto/pImageText8	3	PASS
/Xproto/pInstallColormap	1	PASS
/Xproto/pInstallColormap	2	PASS
/Xproto/pInstallColormap	3	PASS
/Xproto/pInternAtom	1	PASS
/Xproto/pInternAtom	2	PASS
/Xproto/pInternAtom	3	PASS
/Xproto/pKillClient	1	PASS
/Xproto/pKillClient	2	PASS
/Xproto/pKillClient	3	PASS
/Xproto/pListExtensions	1	PASS
/Xproto/pListExtensions	2	UNTESTED
/Xproto/pListExtensions	3	PASS
/Xproto/pListFonts	1	PASS
/Xproto/pListFonts	2	PASS
/Xproto/pListFonts	3	PASS
/Xproto/pListFontsWithInfo	1	PASS
/Xproto/pListFontsWithInfo	2	PASS
/Xproto/pListFontsWithInfo	3	PASS
/Xproto/pListHosts	1	PASS
/Xproto/pListHosts	2	UNTESTED
/Xproto/pListHosts	3	PASS
/Xproto/pListInstalledColormaps	1	PASS
/Xproto/pListInstalledColormaps	2	PASS
/Xproto/pListInstalledColormaps	3	PASS
/Xproto/pListProperties	1	PASS
/Xproto/pListProperties	2	PASS
/Xproto/pListProperties	3	PASS
/Xproto/pLookupColor	1	PASS
/Xproto/pLookupColor	2	PASS
/Xproto/pLookupColor	3	PASS
/Xproto/pMapSubwindows	1	PASS
/Xproto/pMapSubwindows	2	PASS
/Xproto/pMapSubwindows	3	PASS
/Xproto/pMapWindow	1	PASS
/Xproto/pMapWindow	2	PASS
/Xproto/pMapWindow	3	PASS
/Xproto/pNoOperation	1	PASS
/Xproto/pNoOperation	2	PASS
/Xproto/pNoOperation	3	UNTESTED
/Xproto/pNoOperation	4	PASS
/Xproto/pOpenDisplay	1	PASS
/Xproto/pOpenDisplay	2	PASS
/Xproto/pOpenFont	1	PASS
/Xproto/pOpenFont	2	PASS
/Xproto/pOpenFont	3	PASS
/Xproto/pOpenFont	4	PASS
/Xproto/pOpenFont	5	PASS
/Xproto/pPolyArc	1	PASS
/Xproto/pPolyArc	2	PASS
/Xproto/pPolyArc	3	PASS
/Xproto/pPolyFillArc	1	PASS
/Xproto/pPolyFillArc	2	PASS
/Xproto/pPolyFillArc	3	PASS
/Xproto/pPolyFillRectangle	1	PASS
/Xproto/pPolyFillRectangle	2	PASS
/Xproto/pPolyFillRectangle	3	PASS
/Xproto/pPolyLine	1	PASS
/Xproto/pPolyLine	2	PASS
/Xproto/pPolyLine	3	PASS
/Xproto/pPolyPoint	1	PASS
/Xproto/pPolyPoint	2	PASS
/Xproto/pPolyPoint	3	PASS
/Xproto/pPolyRectangle	1	PASS
/Xproto/pPolyRectangle	2	PASS
/Xproto/pPolyRectangle	3	PASS
/Xproto/pPolySegment	1	PASS
/Xproto/pPolySegment	2	PASS
/Xproto/pPolySegment	3	PASS
/Xproto/pPolyText16	1	PASS
/Xproto/pPolyText16	2	PASS
/Xproto/pPolyText16	3	PASS
/Xproto/pPolyText8	1	PASS
/Xproto/pPolyText8	2	PASS
/Xproto/pPolyText8	3	PASS
/Xproto/pPutImage	1	PASS
/Xproto/pPutImage	2	PASS
/Xproto/pPutImage	3	PASS
/Xproto/pQueryBestSize	1	PASS
/Xproto/pQueryBestSize	2	PASS
/Xproto/pQueryBestSize	3	PASS
/Xproto/pQueryColors	1	PASS
/Xproto/pQueryColors	2	PASS
/Xproto/pQueryColors	3	PASS
/Xproto/pQueryExtension	1	PASS
/Xproto/pQueryExtension	2	PASS
/Xproto/pQueryExtension	3	PASS
/Xproto/pQueryFont	1	PASS
/Xproto/pQueryFont	2	PASS
/Xproto/pQueryFont	3	PASS
/Xproto/pQueryKeymap	1	PASS
/Xproto/pQueryKeymap	2	UNTESTED
/Xproto/pQueryKeymap	3	PASS
/Xproto/pQueryPointer	1	PASS
/Xproto/pQueryPointer	2	PASS
/Xproto/pQueryPointer	3	PASS
/Xproto/pQueryTextExtents	1	PASS
/Xproto/pQueryTextExtents	2	PASS
/Xproto/pQueryTextExtents	3	PASS
/Xproto/pQueryTree	1	PASS
/Xproto/pQueryTree	2	PASS
/Xproto/pQueryTree	3	PASS
/Xproto/pRecolorCursor	1	PASS
/Xproto/pRecolorCursor	2	PASS
/Xproto/pRecolorCursor	3	PASS
/Xproto/pReparentWindow	1	PASS
/Xproto/pReparentWindow	2	PASS
/Xproto/pReparentWindow	3	PASS
/Xproto/pRotateProperties	1	PASS
/Xproto/pRotateProperties	2	PASS
/Xproto/pRotateProperties	3	PASS
/Xproto/pSendEvent	1	PASS
/Xproto/pSendEvent	2	PASS
/Xproto/pSendEvent	3	PASS
/Xproto/pSetAccessControl	1	PASS
/Xproto/pSetAccessControl	2	UNTESTED
/Xproto/pSetAccessControl	3	PASS
/Xproto/pSetClipRectangles	1	PASS
/Xproto/pSetClipRectangles	2	PASS
/Xproto/pSetClipRectangles	3	PASS
/Xproto/pSetCloseDownMode	1	PASS
/Xproto/pSetCloseDownMode	2	UNTESTED
/Xproto/pSetCloseDownMode	3	PASS
/Xproto/pSetDashes	1	PASS
/Xproto/pSetDashes	2	PASS
/Xproto/pSetDashes	3	PASS
/Xproto/pSetFontPath	1	PASS
/Xproto/pSetFontPath	2	PASS
/Xproto/pSetFontPath	3	PASS
/Xproto/pSetInputFocus	1	PASS
/Xproto/pSetInputFocus	2	PASS
/Xproto/pSetInputFocus	3	PASS
/Xproto/pSetModifierMapping	1	PASS
/Xproto/pSetModifierMapping	2	UNTESTED
/Xproto/pSetModifierMapping	3	PASS
/Xproto/pSetPointerMapping	1	PASS
/Xproto/pSetPointerMapping	2	UNTESTED
/Xproto/pSetPointerMapping	3	PASS
/Xproto/pSetScreenSaver	1	PASS
/Xproto/pSetScreenSaver	2	PASS
/Xproto/pSetScreenSaver	3	PASS
/Xproto/pSetSelectionOwner	1	PASS
/Xproto/pSetSelectionOwner	2	PASS
/Xproto/pSetSelectionOwner	3	PASS
/Xproto/pStoreColors	1	UNSUPPORTED
/Xproto/pStoreColors	2	PASS
/Xproto/pStoreColors	3	PASS
/Xproto/pStoreColors	4	PASS
/Xproto/pStoreNamedColor	1	UNSUPPORTED
/Xproto/pStoreNamedColor	2	PASS
/Xproto/pStoreNamedColor	3	PASS
/Xproto/pStoreNamedColor	4	PASS
/Xproto/pTranslateCoords	1	PASS
/Xproto/pTranslateCoords	2	PASS
/Xproto/pTranslateCoords	3	PASS
/Xproto/pUngrabButton	1	PASS
/Xproto/pUngrabButton	2	PASS
/Xproto/pUngrabButton	3	PASS
/Xproto/pUngrabKey	1	PASS
/Xproto/pUngrabKey	2	PASS
/Xproto/pUngrabKey	3	PASS
/Xproto/pUngrabKeyboard	1	PASS
/Xproto/pUngrabKeyboard	2	PASS
/Xproto/pUngrabKeyboard	3	PASS
/Xproto/pUngrabPointer	1	PASS
/Xproto/pUngrabPointer	2	PASS
/Xproto/pUngrabPointer	3	PASS
/Xproto/pUngrabServer	1	PASS
/Xproto/pUngrabServer	2	UNTESTED
/Xproto/pUngrabServer	3	PASS
/Xproto/pUninstallColormap	1	PASS
/Xproto/pUninstallColormap	2	PASS
/Xproto/pUninstallColormap	3	PASS
/Xproto/pUnmapSubwindows	1	PASS
/Xproto/pUnmapSubwindows	2	PASS
/Xproto/pUnmapSubwindows	3	PASS
/Xproto/pUnmapWindow	1	PASS
/Xproto/pUnmapWindow	2	PASS
/Xproto/pUnmapWindow	3	PASS
/Xproto/pWarpPointer	1	PASS
/Xproto/pWarpPointer	2	PASS
/Xproto/pWarpPointer	3	PASS
/Xt10/XtAddCallback	1	PASS
/Xt10/XtAddCallback	2	PASS
/Xt10/XtAddCallback	3	PASS
/Xt10/XtAddCallbacks	1	PASS
/Xt10/XtAddCallbacks	2	PASS
/Xt10/XtAddCallbacks	3	PASS
/Xt10/XtCallCallbackList	1	PASS
/Xt10/XtCallCallbackList	2	PASS
/Xt10/XtCallCallbacks	1	PASS
/Xt10/XtHasCallbacks	1	PASS
/Xt10/XtHasCallbacks	2	PASS
/Xt10/XtHasCallbacks	3	PASS
/Xt10/XtRemoveAllCallbacks	1	PASS
/Xt10/XtRemoveAllCallbacks	2	UNTESTED
/Xt10/XtRemoveCallback	1	PASS
/Xt10/XtRemoveCallback	2	PASS
/Xt10/XtRemoveCallbacks	1	PASS
/Xt11/XtAppReleaseCacheRefs	1	PASS
/Xt11/XtAppReleaseCacheRefs	2	PASS
/Xt11/XtAppSetTypeConverter	1	PASS
/Xt11/XtAppSetTypeConverter	10	PASS
/Xt11/XtAppSetTypeConverter	11	PASS
/Xt11/XtAppSetTypeConverter	12	UNTESTED
/Xt11/XtAppSetTypeConverter	13	UNTESTED
/Xt11/XtAppSetTypeConverter	14	PASS
/Xt11/XtAppSetTypeConverter	15	PASS
/Xt11/XtAppSetTypeConverter	2	PASS
/Xt11/XtAppSetTypeConverter	3	PASS
/Xt11/XtAppSetTypeConverter	4	PASS
/Xt11/XtAppSetTypeConverter	5	PASS
/Xt11/XtAppSetTypeConverter	6	PASS
/Xt11/XtAppSetTypeConverter	7	UNTESTED
/Xt11/XtAppSetTypeConverter	8	UNTESTED
/Xt11/XtAppSetTypeConverter	9	PASS
/Xt11/XtCallConverter	1	PASS
/Xt11/XtCallConverter	10	PASS
/Xt11/XtCallConverter	11	PASS
/Xt11/XtCallConverter	12	PASS
/Xt11/XtCallConverter	13	PASS
/Xt11/XtCallConverter	14	UNTESTED
/Xt11/XtCallConverter	15	UNTESTED
/Xt11/XtCallConverter	2	PASS
/Xt11/XtCallConverter	3	PASS
/Xt11/XtCallConverter	4	PASS
/Xt11/XtCallConverter	5	PASS
/Xt11/XtCallConverter	6	PASS
/Xt11/XtCallConverter	7	PASS
/Xt11/XtCallConverter	8	PASS
/Xt11/XtCallConverter	9	PASS
/Xt11/XtCallbackReleaseCacheRef	1	PASS
/Xt11/XtCallbackReleaseCacheRefList	1	PASS
/Xt11/XtConvertAndStore	1	PASS
/Xt11/XtConvertAndStore	10	PASS
/Xt11/XtConvertAndStore	11	PASS
/Xt11/XtConvertAndStore	12	PASS
/Xt11/XtConvertAndStore	13	PASS
/Xt11/XtConvertAndStore	14	PASS
/Xt11/XtConvertAndStore	15	PASS
/Xt11/XtConvertAndStore	16	PASS
/Xt11/XtConvertAndStore	17	UNTESTED
/Xt11/XtConvertAndStore	18	UNTESTED
/Xt11/XtConvertAndStore	2	PASS
/Xt11/XtConvertAndStore	3	PASS
/Xt11/XtConvertAndStore	4	PASS
/Xt11/XtConvertAndStore	5	PASS
/Xt11/XtConvertAndStore	6	PASS
/Xt11/XtConvertAndStore	7	PASS
/Xt11/XtConvertAndStore	8	PASS
/Xt11/XtConvertAndStore	9	PASS
/Xt11/XtCvtColorToPixel	1	PASS
/Xt11/XtCvtColorToPixel	2	PASS
/Xt11/XtCvtColorToPixel	3	PASS
/Xt11/XtCvtIntToBool	1	PASS
/Xt11/XtCvtIntToBool	2	PASS
/Xt11/XtCvtIntToBool	3	PASS
/Xt11/XtCvtIntToBoolean	1	PASS
/Xt11/XtCvtIntToBoolean	2	PASS
/Xt11/XtCvtIntToBoolean	3	PASS
/Xt11/XtCvtIntToColor	1	PASS
/Xt11/XtCvtIntToColor	2	PASS
/Xt11/XtCvtIntToColor	3	PASS
/Xt11/XtCvtIntToColor	4	PASS
/Xt11/XtCvtIntToDimension	1	PASS
/Xt11/XtCvtIntToDimension	2	PASS
/Xt11/XtCvtIntToDimension	3	PASS
/Xt11/XtCvtIntToFloat	1	PASS
/Xt11/XtCvtIntToFloat	2	PASS
/Xt11/XtCvtIntToFloat	3	PASS
/Xt11/XtCvtIntToFont	1	PASS
/Xt11/XtCvtIntToFont	2	PASS
/Xt11/XtCvtIntToFont	3	PASS
/Xt11/XtCvtIntToPixel	1	PASS
/Xt11/XtCvtIntToPixel	2	PASS
/Xt11/XtCvtIntToPixel	3	PASS
/Xt11/XtCvtIntToPixmap	1	PASS
/Xt11/XtCvtIntToPixmap	2	PASS
/Xt11/XtCvtIntToPixmap	3	PASS
/Xt11/XtCvtIntToPosition	1	PASS
/Xt11/XtCvtIntToPosition	2	PASS
/Xt11/XtCvtIntToPosition	3	PASS
/Xt11/XtCvtIntToShort	1	PASS
/Xt11/XtCvtIntToShort	2	PASS
/Xt11/XtCvtIntToShort	3	PASS
/Xt11/XtCvtIntToUnsignedChar	1	PASS
/Xt11/XtCvtIntToUnsignedChar	2	PASS
/Xt11/XtCvtIntToUnsignedChar	3	PASS
/Xt11/XtCvtPixelToColor	1	PASS
/Xt11/XtCvtPixelToColor	2	PASS
/Xt11/XtCvtPixelToColor	3	PASS
/Xt11/XtCvtStringToAcceleratorTable	1	PASS
/Xt11/XtCvtStringToAcceleratorTable	2	PASS
/Xt11/XtCvtStringToAcceleratorTable	3	PASS
/Xt11/XtCvtStringToAcceleratorTable	4	PASS
/Xt11/XtCvtStringToAtom	1	PASS
/Xt11/XtCvtStringToAtom	2	PASS
/Xt11/XtCvtStringToAtom	3	PASS
/Xt11/XtCvtStringToAtom	4	PASS
/Xt11/XtCvtStringToBool	1	PASS
/Xt11/XtCvtStringToBool	2	PASS
/Xt11/XtCvtStringToBool	3	PASS
/Xt11/XtCvtStringToBool	4	PASS
/Xt11/XtCvtStringToBoolean	1	PASS
/Xt11/XtCvtStringToBoolean	2	PASS
/Xt11/XtCvtStringToBoolean	3	PASS
/Xt11/XtCvtStringToBoolean	4	PASS
/Xt11/XtCvtStringToCursor	1	PASS
/Xt11/XtCvtStringToCursor	2	PASS
/Xt11/XtCvtStringToCursor	3	PASS
/Xt11/XtCvtStringToCursor	4	PASS
/Xt11/XtCvtStringToCursor	5	PASS
/Xt11/XtCvtStringToDimension	1	PASS
/Xt11/XtCvtStringToDimension	2	PASS
/Xt11/XtCvtStringToDimension	3	PASS
/Xt11/XtCvtStringToDimension	4	PASS
/Xt11/XtCvtStringToDisplay	1	PASS
/Xt11/XtCvtStringToDisplay	2	PASS
/Xt11/XtCvtStringToDisplay	3	PASS
/Xt11/XtCvtStringToDisplay	4	PASS
/Xt11/XtCvtStringToFile	1	PASS
/Xt11/XtCvtStringToFile	2	PASS
/Xt11/XtCvtStringToFile	3	PASS
/Xt11/XtCvtStringToFile	4	PASS
/Xt11/XtCvtStringToFloat	1	PASS
/Xt11/XtCvtStringToFloat	2	PASS
/Xt11/XtCvtStringToFloat	3	PASS
/Xt11/XtCvtStringToFloat	4	PASS
/Xt11/XtCvtStringToFont	1	PASS
/Xt11/XtCvtStringToFont	2	PASS
/Xt11/XtCvtStringToFont	3	PASS
/Xt11/XtCvtStringToFont	4	PASS
/Xt11/XtCvtStringToFont	5	PASS
/Xt11/XtCvtStringToFont	6	UNTESTED
/Xt11/XtCvtStringToFont	7	UNTESTED
/Xt11/XtCvtStringToFont	8	UNTESTED
/Xt11/XtCvtStringToFontSet	1	WARNING
/Xt11/XtCvtStringToFontSet	10	UNTESTED
/Xt11/XtCvtStringToFontSet	11	FAIL
/Xt11/XtCvtStringToFontSet	2	PASS
/Xt11/XtCvtStringToFontSet	3	WARNING
/Xt11/XtCvtStringToFontSet	4	PASS
/Xt11/XtCvtStringToFontSet	5	UNTESTED
/Xt11/XtCvtStringToFontSet	6	UNTESTED
/Xt11/XtCvtStringToFontSet	7	UNTESTED
/Xt11/XtCvtStringToFontSet	8	UNTESTED
/Xt11/XtCvtStringToFontSet	9	UNTESTED
/Xt11/XtCvtStringToFontStruct	1	PASS
/Xt11/XtCvtStringToFontStruct	2	PASS
/Xt11/XtCvtStringToFontStruct	3	PASS
/Xt11/XtCvtStringToFontStruct	4	PASS
/Xt11/XtCvtStringToFontStruct	5	PASS
/Xt11/XtCvtStringToFontStruct	6	UNTESTED
/Xt11/XtCvtStringToFontStruct	7	UNTESTED
/Xt11/XtCvtStringToFontStruct	8	UNTESTED
/Xt11/XtCvtStringToInitialState	1	PASS
/Xt11/XtCvtStringToInitialState	2	PASS
/Xt11/XtCvtStringToInitialState	3	PASS
/Xt11/XtCvtStringToInitialState	4	PASS
/Xt11/XtCvtStringToInitialState	5	PASS
/Xt11/XtCvtStringToInitialState	6	PASS
/Xt11/XtCvtStringToInt	1	PASS
/Xt11/XtCvtStringToInt	2	PASS
/Xt11/XtCvtStringToInt	3	PASS
/Xt11/XtCvtStringToInt	4	PASS
/Xt11/XtCvtStringToPixel	1	PASS
/Xt11/XtCvtStringToPixel	2	PASS
/Xt11/XtCvtStringToPixel	3	PASS
/Xt11/XtCvtStringToPixel	4	PASS
/Xt11/XtCvtStringToPixel	5	PASS
/Xt11/XtCvtStringToPixel	6	PASS
/Xt11/XtCvtStringToPixel	7	PASS
/Xt11/XtCvtStringToPixel	8	PASS
/Xt11/XtCvtStringToPixel	9	PASS
/Xt11/XtCvtStringToPosition	1	PASS
/Xt11/XtCvtStringToPosition	2	PASS
/Xt11/XtCvtStringToPosition	3	PASS
/Xt11/XtCvtStringToPosition	4	PASS
/Xt11/XtCvtStringToShort	1	PASS
/Xt11/XtCvtStringToShort	2	PASS
/Xt11/XtCvtStringToShort	3	PASS
/Xt11/XtCvtStringToShort	4	PASS
/Xt11/XtCvtStringToTranslationTable	1	PASS
/Xt11/XtCvtStringToTranslationTable	2	PASS
/Xt11/XtCvtStringToTranslationTable	3	PASS
/Xt11/XtCvtStringToTranslationTable	4	PASS
/Xt11/XtCvtStringToUnsignedChar	1	PASS
/Xt11/XtCvtStringToUnsignedChar	2	PASS
/Xt11/XtCvtStringToUnsignedChar	3	PASS
/Xt11/XtCvtStringToUnsignedChar	4	PASS
/Xt11/XtCvtStringToVisual	1	PASS
/Xt11/XtCvtStringToVisual	2	PASS
/Xt11/XtCvtStringToVisual	3	PASS
/Xt11/XtCvtStringToVisual	4	PASS
/Xt11/XtCvtStringToVisual	5	PASS
/Xt11/XtDisplayStringConversionWarning	1	PASS
/Xt11/XtDisplayStringConversionWarning	2	PASS
/Xt11/XtDisplayToApplicationContext	1	PASS
/Xt11/XtDisplayToApplicationContext	2	PASS
/Xt11/XtGetApplicationResources	1	PASS
/Xt11/XtGetApplicationResources	2	PASS
/Xt11/XtGetConstraintResourceList	1	PASS
/Xt11/XtGetConstraintResourceList	2	PASS
/Xt11/XtGetConstraintResourceList	3	PASS
/Xt11/XtGetResourceList	1	PASS
/Xt11/XtGetResourceList	2	PASS
/Xt11/XtGetSubresources	1	PASS
/Xt11/XtGetSubresources	2	PASS
/Xt11/XtGetSubvalues	1	PASS
/Xt11/XtGetSubvalues	2	PASS
/Xt11/XtGetValues	1	PASS
/Xt11/XtGetValues	2	PASS
/Xt11/XtGetValues	3	PASS
/Xt11/XtGetValues	4	PASS
/Xt11/XtGetValues	5	PASS
/Xt11/XtOffset	1	PASS
/Xt11/XtOffsetOf	1	PASS
/Xt11/XtSetSubvalues	1	PASS
/Xt11/XtSetSubvalues	2	PASS
/Xt11/XtSetTypeConverter	1	PASS
/Xt11/XtSetTypeConverter	10	PASS
/Xt11/XtSetTypeConverter	11	PASS
/Xt11/XtSetTypeConverter	12	UNTESTED
/Xt11/XtSetTypeConverter	13	UNTESTED
/Xt11/XtSetTypeConverter	14	PASS
/Xt11/XtSetTypeConverter	15	PASS
/Xt11/XtSetTypeConverter	2	PASS
/Xt11/XtSetTypeConverter	3	PASS
/Xt11/XtSetTypeConverter	4	PASS
/Xt11/XtSetTypeConverter	5	PASS
/Xt11/XtSetTypeConverter	6	PASS
/Xt11/XtSetTypeConverter	7	UNTESTED
/Xt11/XtSetTypeConverter	8	UNTESTED
/Xt11/XtSetTypeConverter	9	PASS
/Xt11/XtSetValues	1	PASS
/Xt11/XtSetValues	10	PASS
/Xt11/XtSetValues	11	UNTESTED
/Xt11/XtSetValues	12	UNTESTED
/Xt11/XtSetValues	13	UNTESTED
/Xt11/XtSetValues	2	PASS
/Xt11/XtSetValues	3	PASS
/Xt11/XtSetValues	4	PASS
/Xt11/XtSetValues	5	PASS
/Xt11/XtSetValues	6	UNTESTED
/Xt11/XtSetValues	7	PASS
/Xt11/XtSetValues	8	UNTESTED
/Xt11/XtSetValues	9	PASS
/Xt11/XtVaGetApplicationResources	1	PASS
/Xt11/XtVaGetApplicationResources	2	PASS
/Xt11/XtVaGetApplicationResources	3	PASS
/Xt11/XtVaGetApplicationResources	4	PASS
/Xt11/XtVaGetSubresources	1	PASS
/Xt11/XtVaGetSubresources	2	PASS
/Xt11/XtVaGetSubresources	3	FAIL
/Xt11/XtVaGetSubresources	4	FAIL
/Xt11/XtVaGetSubvalues	1	PASS
/Xt11/XtVaGetSubvalues	2	PASS
/Xt11/XtVaGetSubvalues	3	PASS
/Xt11/XtVaGetValues	1	PASS
/Xt11/XtVaGetValues	2	PASS
/Xt11/XtVaGetValues	3	PASS
/Xt11/XtVaGetValues	4	PASS
/Xt11/XtVaGetValues	5	PASS
/Xt11/XtVaGetValues	6	PASS
/Xt11/XtVaGetValues	7	PASS
/Xt11/XtVaSetSubvalues	1	PASS
/Xt11/XtVaSetSubvalues	2	PASS
/Xt11/XtVaSetSubvalues	3	PASS
/Xt11/XtVaSetSubvalues	4	PASS
/Xt11/XtVaSetValues	1	PASS
/Xt11/XtVaSetValues	10	PASS
/Xt11/XtVaSetValues	11	UNTESTED
/Xt11/XtVaSetValues	12	UNTESTED
/Xt11/XtVaSetValues	13	UNTESTED
/Xt11/XtVaSetValues	14	PASS
/Xt11/XtVaSetValues	15	PASS
/Xt11/XtVaSetValues	2	PASS
/Xt11/XtVaSetValues	3	PASS
/Xt11/XtVaSetValues	4	PASS
/Xt11/XtVaSetValues	5	PASS
/Xt11/XtVaSetValues	6	UNTESTED
/Xt11/XtVaSetValues	7	PASS
/Xt11/XtVaSetValues	8	UNTESTED
/Xt11/XtVaSetValues	9	PASS
/Xt12/XtAppAddActionHook	1	PASS
/Xt12/XtAppAddActionHook	2	PASS
/Xt12/XtAppAddActionHook	3	PASS
/Xt12/XtAppAddActionHook	4	PASS
/Xt12/XtAppAddActionHook	5	PASS
/Xt12/XtAppAddActionHook	6	PASS
/Xt12/XtAppAddActions	1	PASS
/Xt12/XtAppAddActions	2	PASS
/Xt12/XtAppAddActions	3	PASS
/Xt12/XtAppAddActions	4	PASS
/Xt12/XtAugmentTranslations	1	PASS
/Xt12/XtAugmentTranslations	2	PASS
/Xt12/XtAugmentTranslations	3	PASS
/Xt12/XtAugmentTranslations	4	PASS
/Xt12/XtCallActionProc	1	PASS
/Xt12/XtCallActionProc	2	PASS
/Xt12/XtConvertCase	1	PASS
/Xt12/XtConvertCase	2	UNTESTED
/Xt12/XtGetActionKeysym	1	PASS
/Xt12/XtGetActionKeysym	2	PASS
/Xt12/XtGetActionKeysym	3	PASS
/Xt12/XtGetActionKeysym	4	PASS
/Xt12/XtGetActionKeysym	5	PASS
/Xt12/XtGetActionKeysym	6	PASS
/Xt12/XtGetActionKeysym	7	PASS
/Xt12/XtGetActionKeysym	8	PASS
/Xt12/XtGetActionList	1	PASS
/Xt12/XtGetActionList	2	PASS
/Xt12/XtGetActionList	3	PASS
/Xt12/XtGetActionList	4	PASS
/Xt12/XtGetActionList	5	PASS
/Xt12/XtGetKeysymTable	1	PASS
/Xt12/XtGetKeysymTable	2	PASS
/Xt12/XtGetKeysymTable	3	PASS
/Xt12/XtGetKeysymTable	4	PASS
/Xt12/XtGetMultiClickTime	1	PASS
/Xt12/XtGetMultiClickTime	2	PASS
/Xt12/XtInstallAccelerators	1	PASS
/Xt12/XtInstallAccelerators	2	PASS
/Xt12/XtInstallAllAccelerators	1	PASS
/Xt12/XtKeysymToKeycodeList	1	PASS
/Xt12/XtKeysymToKeycodeList	2	PASS
/Xt12/XtOverrideTranslations	1	PASS
/Xt12/XtOverrideTranslations	2	PASS
/Xt12/XtOverrideTranslations	3	PASS
/Xt12/XtOverrideTranslations	4	PASS
/Xt12/XtParseAcceleratorTable	1	PASS
/Xt12/XtParseTranslationTable	1	PASS
/Xt12/XtRegisterCaseConverter	1	PASS
/Xt12/XtRegisterCaseConverter	2	PASS
/Xt12/XtRegisterGrabAction	1	UNRESOLVED
/Xt12/XtRegisterGrabAction	10	UNTESTED
/Xt12/XtRegisterGrabAction	11	UNTESTED
/Xt12/XtRegisterGrabAction	2	UNTESTED
/Xt12/XtRegisterGrabAction	3	UNTESTED
/Xt12/XtRegisterGrabAction	4	UNTESTED
/Xt12/XtRegisterGrabAction	5	UNTESTED
/Xt12/XtRegisterGrabAction	6	UNTESTED
/Xt12/XtRegisterGrabAction	7	UNTESTED
/Xt12/XtRegisterGrabAction	8	UNTESTED
/Xt12/XtRegisterGrabAction	9	UNTESTED
/Xt12/XtRemoveActionHook	1	PASS
/Xt12/XtSetKeyTranslator	1	PASS
/Xt12/XtSetMultiClickTime	1	PASS
/Xt12/XtTranslateKeycode	1	PASS
/Xt12/XtTranslateKeycode	2	PASS
/Xt12/XtUninstallTranslations	1	PASS
/Xt13/XtAddExposureToRegion	1	PASS
/Xt13/XtAddExposureToRegion	2	PASS
/Xt13/XtAddExposureToRegion	3	PASS
/Xt13/XtAllocateGC	1	PASS
/Xt13/XtAllocateGC	2	UNTESTED
/Xt13/XtAllocateGC	3	PASS
/Xt13/XtAllocateGC	4	PASS
/Xt13/XtAllocateGC	5	UNTESTED
/Xt13/XtAllocateGC	6	PASS
/Xt13/XtAllocateGC	7	PASS
/Xt13/XtAllocateGC	8	PASS
/Xt13/XtAllocateGC	9	PASS
/Xt13/XtAppError	1	FAIL
/Xt13/XtAppError	2	UNTESTED
/Xt13/XtAppError	3	PASS
/Xt13/XtAppErrorMsg	1	PASS
/Xt13/XtAppErrorMsg	2	PASS
/Xt13/XtAppErrorMsg	3	PASS
/Xt13/XtAppGetErrorDatabase	1	PASS
/Xt13/XtAppGetErrorDatabaseText	1	PASS
/Xt13/XtAppGetErrorDatabaseText	2	PASS
/Xt13/XtAppGetErrorDatabaseText	3	PASS
/Xt13/XtAppGetErrorDatabaseText	4	PASS
/Xt13/XtAppGetSelectionTimeout	1	PASS
/Xt13/XtAppGetSelectionTimeout	2	PASS
/Xt13/XtAppSetErrorHandler	1	FAIL
/Xt13/XtAppSetErrorHandler	2	PASS
/Xt13/XtAppSetErrorMsgHandler	1	PASS
/Xt13/XtAppSetErrorMsgHandler	2	PASS
/Xt13/XtAppSetSelectionTimeout	1	PASS
/Xt13/XtAppSetWarningHandler	1	PASS
/Xt13/XtAppSetWarningHandler	2	PASS
/Xt13/XtAppSetWarningMsgHandler	1	PASS
/Xt13/XtAppSetWarningMsgHandler	2	PASS
/Xt13/XtAppWarning	1	PASS
/Xt13/XtAppWarning	2	UNTESTED
/Xt13/XtAppWarning	3	PASS
/Xt13/XtAppWarningMsg	1	PASS
/Xt13/XtAppWarningMsg	2	PASS
/Xt13/XtAppWarningMsg	3	PASS
/Xt13/XtCalloc	1	PASS
/Xt13/XtCalloc	2	FAIL
/Xt13/XtCalloc	3	UNTESTED
/Xt13/XtCalloc	4	UNTESTED
/Xt13/XtCalloc	5	UNTESTED
/Xt13/XtCalloc	6	UNTESTED
/Xt13/XtDisownSelection	1	PASS
/Xt13/XtDisownSelection	2	PASS
/Xt13/XtDisownSelection	3	PASS
/Xt13/XtDisownSelection	4	UNTESTED
/Xt13/XtDisownSelection	5	UNTESTED
/Xt13/XtFindFile/XtFindFile	1	PASS
/Xt13/XtFindFile/XtFindFile	2	PASS
/Xt13/XtFindFile/XtFindFile	3	PASS
/Xt13/XtFindFile/XtFindFile	4	PASS
/Xt13/XtFindFile/XtFindFile	5	UNTESTED
/Xt13/XtFindFile/XtFindFile	6	PASS
/Xt13/XtFindFile/XtFindFile	7	PASS
/Xt13/XtFree	1	PASS
/Xt13/XtFree	2	PASS
/Xt13/XtFree	3	UNTESTED
/Xt13/XtFree	4	UNTESTED
/Xt13/XtGetApplicationNameAndClass	1	PASS
/Xt13/XtGetApplicationNameAndClass	2	UNTESTED
/Xt13/XtGetApplicationNameAndClass	3	UNTESTED
/Xt13/XtGetGC	1	PASS
/Xt13/XtGetGC	2	PASS
/Xt13/XtGetGC	3	UNTESTED
/Xt13/XtGetGC	4	UNTESTED
/Xt13/XtGetSelectionRequest	1	PASS
/Xt13/XtGetSelectionRequest	2	PASS
/Xt13/XtGetSelectionRequest	3	PASS
/Xt13/XtGetSelectionValue	1	PASS
/Xt13/XtGetSelectionValue	2	PASS
/Xt13/XtGetSelectionValue	3	PASS
/Xt13/XtGetSelectionValue	4	PASS
/Xt13/XtGetSelectionValueIncremental	1	PASS
/Xt13/XtGetSelectionValueIncremental	2	PASS
/Xt13/XtGetSelectionValueIncremental	3	PASS
/Xt13/XtGetSelectionValueIncremental	4	PASS
/Xt13/XtGetSelectionValueIncremental	5	PASS
/Xt13/XtGetSelectionValueIncremental	6	UNTESTED
/Xt13/XtGetSelectionValues	1	PASS
/Xt13/XtGetSelectionValues	2	PASS
/Xt13/XtGetSelectionValues	3	PASS
/Xt13/XtGetSelectionValues	4	PASS
/Xt13/XtGetSelectionValues	5	UNTESTED
/Xt13/XtGetSelectionValuesIncremental	1	PASS
/Xt13/XtGetSelectionValuesIncremental	2	PASS
/Xt13/XtGetSelectionValuesIncremental	3	PASS
/Xt13/XtGetSelectionValuesIncremental	4	PASS
/Xt13/XtGetSelectionValuesIncremental	5	PASS
/Xt13/XtGetSelectionValuesIncremental	6	UNTESTED
/Xt13/XtGetSelectionValuesIncremental	7	UNTESTED
/Xt13/XtLastTimestampProcessed	1	PASS
/Xt13/XtLastTimestampProcessed	2	PASS
/Xt13/XtMalloc	1	PASS
/Xt13/XtMalloc	2	FAIL
/Xt13/XtMalloc	3	UNTESTED
/Xt13/XtMalloc	4	UNTESTED
/Xt13/XtMalloc	5	UNTESTED
/Xt13/XtMalloc	6	UNTESTED
/Xt13/XtNameToWidget	1	PASS
/Xt13/XtNameToWidget	2	PASS
/Xt13/XtNameToWidget	3	PASS
/Xt13/XtNameToWidget	4	UNTESTED
/Xt13/XtNameToWidget	5	PASS
/Xt13/XtNameToWidget	6	PASS
/Xt13/XtNameToWidget	7	PASS
/Xt13/XtNew	1	PASS
/Xt13/XtNew	2	PASS
/Xt13/XtNew	3	UNTESTED
/Xt13/XtNew	4	UNTESTED
/Xt13/XtNew	5	UNTESTED
/Xt13/XtNewString	1	PASS
/Xt13/XtNewString	2	PASS
/Xt13/XtNewString	3	UNTESTED
/Xt13/XtNewString	4	UNTESTED
/Xt13/XtNewString	5	UNTESTED
/Xt13/XtNumber	1	PASS
/Xt13/XtOwnSelection	1	PASS
/Xt13/XtOwnSelection	2	PASS
/Xt13/XtOwnSelection	3	PASS
/Xt13/XtOwnSelection	4	PASS
/Xt13/XtOwnSelection	5	PASS
/Xt13/XtOwnSelection	6	UNTESTED
/Xt13/XtOwnSelection	7	PASS
/Xt13/XtOwnSelection	8	PASS
/Xt13/XtOwnSelectionIncremental	1	PASS
/Xt13/XtOwnSelectionIncremental	10	PASS
/Xt13/XtOwnSelectionIncremental	2	PASS
/Xt13/XtOwnSelectionIncremental	3	PASS
/Xt13/XtOwnSelectionIncremental	4	PASS
/Xt13/XtOwnSelectionIncremental	5	PASS
/Xt13/XtOwnSelectionIncremental	6	UNTESTED
/Xt13/XtOwnSelectionIncremental	7	PASS
/Xt13/XtOwnSelectionIncremental	8	PASS
/Xt13/XtOwnSelectionIncremental	9	UNTESTED
/Xt13/XtRealloc	1	PASS
/Xt13/XtRealloc	10	UNTESTED
/Xt13/XtRealloc	11	UNTESTED
/Xt13/XtRealloc	12	UNTESTED
/Xt13/XtRealloc	2	UNTESTED
/Xt13/XtRealloc	3	FAIL
/Xt13/XtRealloc	4	PASS
/Xt13/XtRealloc	5	UNTESTED
/Xt13/XtRealloc	6	PASS
/Xt13/XtRealloc	7	UNTESTED
/Xt13/XtRealloc	8	UNTESTED
/Xt13/XtRealloc	9	UNTESTED
/Xt13/XtReleaseGC	1	PASS
/Xt13/XtReleaseGC	2	PASS
/Xt13/XtResolvePathname/XtResolvePathname	1	PASS
/Xt13/XtResolvePathname/XtResolvePathname	10	PASS
/Xt13/XtResolvePathname/XtResolvePathname	11	PASS
/Xt13/XtResolvePathname/XtResolvePathname	12	UNTESTED
/Xt13/XtResolvePathname/XtResolvePathname	13	UNTESTED
/Xt13/XtResolvePathname/XtResolvePathname	14	UNTESTED
/Xt13/XtResolvePathname/XtResolvePathname	15	PASS
/Xt13/XtResolvePathname/XtResolvePathname	16	PASS
/Xt13/XtResolvePathname/XtResolvePathname	17	PASS
/Xt13/XtResolvePathname/XtResolvePathname	18	PASS
/Xt13/XtResolvePathname/XtResolvePathname	19	PASS
/Xt13/XtResolvePathname/XtResolvePathname	2	PASS
/Xt13/XtResolvePathname/XtResolvePathname	20	PASS
/Xt13/XtResolvePathname/XtResolvePathname	3	PASS
/Xt13/XtResolvePathname/XtResolvePathname	4	PASS
/Xt13/XtResolvePathname/XtResolvePathname	5	UNTESTED
/Xt13/XtResolvePathname/XtResolvePathname	6	PASS
/Xt13/XtResolvePathname/XtResolvePathname	7	PASS
/Xt13/XtResolvePathname/XtResolvePathname	8	PASS
/Xt13/XtResolvePathname/XtResolvePathname	9	PASS
/Xt13/XtSetWMColormapWindows	1	PASS
/Xt13/XtSetWMColormapWindows	2	PASS
/Xt13/XtSetWMColormapWindows	3	PASS
/Xt13/XtTranslateCoords	1	PASS
/Xt13/XtWindowToWidget	1	PASS
/Xt13/XtWindowToWidget	2	PASS
/Xt14/ObjectObject	1	PASS
/Xt14/ObjectObject	2	PASS
/Xt14/ObjectObject	3	PASS
/Xt14/ObjectObject	4	PASS
/Xt14/ObjectObject	5	PASS
/Xt14/ObjectObject	6	PASS
/Xt14/ObjectObject	7	PASS
/Xt14/ObjectObject	8	PASS
/Xt14/ObjectObject	9	PASS
/Xt14/RectangleObject	1	PASS
/Xt14/RectangleObject	2	PASS
/Xt14/RectangleObject	3	PASS
/Xt14/RectangleObject	4	PASS
/Xt14/RectangleObject	5	PASS
/Xt14/RectangleObject	6	PASS
/Xt14/RectangleObject	7	PASS
/Xt14/RectangleObject	8	PASS
/Xt14/RectangleObject	9	PASS
/Xt15/XtSpecificationRelease	1	UNSUPPORTED
/Xt15/XtSpecificationRelease	2	UNSUPPORTED
/Xt3/CompositeWidget	1	PASS
/Xt3/CompositeWidget	10	PASS
/Xt3/CompositeWidget	11	PASS
/Xt3/CompositeWidget	2	PASS
/Xt3/CompositeWidget	3	PASS
/Xt3/CompositeWidget	4	PASS
/Xt3/CompositeWidget	5	PASS
/Xt3/CompositeWidget	6	PASS
/Xt3/CompositeWidget	7	PASS
/Xt3/CompositeWidget	8	PASS
/Xt3/CompositeWidget	9	PASS
/Xt3/ConstraintWidget	1	PASS
/Xt3/ConstraintWidget	10	PASS
/Xt3/ConstraintWidget	11	PASS
/Xt3/ConstraintWidget	2	PASS
/Xt3/ConstraintWidget	3	PASS
/Xt3/ConstraintWidget	4	PASS
/Xt3/ConstraintWidget	5	PASS
/Xt3/ConstraintWidget	6	PASS
/Xt3/ConstraintWidget	7	PASS
/Xt3/ConstraintWidget	8	PASS
/Xt3/ConstraintWidget	9	PASS
/Xt3/CoreWidget	1	PASS
/Xt3/CoreWidget	2	PASS
/Xt3/CoreWidget	3	PASS
/Xt3/CoreWidget	4	PASS
/Xt3/CoreWidget	5	PASS
/Xt3/CoreWidget	6	PASS
/Xt3/CoreWidget	7	PASS
/Xt3/CoreWidget	8	PASS
/Xt3/CoreWidget	9	PASS
/Xt3/DataTypes	1	PASS
/Xt3/DataTypes	2	PASS
/Xt3/DataTypes	3	PASS
/Xt3/DataTypes	4	PASS
/Xt3/DataTypes	5	PASS
/Xt3/DataTypes	6	PASS
/Xt3/DataTypes	7	PASS
/Xt3/DataTypes	8	PASS
/Xt3/DataTypes	9	PASS
/Xt3/XtCheckSubclass/XtCheckSubclass	1	PASS
/Xt3/XtCheckSubclass/XtCheckSubclass	2	PASS
/Xt3/XtCheckSubclass/XtCheckSubclass	3	PASS
/Xt3/XtClass	1	PASS
/Xt3/XtInitializeWidgetClass	1	PASS
/Xt3/XtInitializeWidgetClass	2	PASS
/Xt3/XtIsApplicationShell	1	PASS
/Xt3/XtIsApplicationShell	2	PASS
/Xt3/XtIsComposite	1	PASS
/Xt3/XtIsComposite	2	PASS
/Xt3/XtIsConstraint	1	PASS
/Xt3/XtIsConstraint	2	PASS
/Xt3/XtIsObject	1	PASS
/Xt3/XtIsObject	2	PASS
/Xt3/XtIsOverrideShell	1	PASS
/Xt3/XtIsOverrideShell	2	PASS
/Xt3/XtIsRectObject	1	PASS
/Xt3/XtIsRectObject	2	PASS
/Xt3/XtIsShell	1	PASS
/Xt3/XtIsShell	2	PASS
/Xt3/XtIsSubclass	1	PASS
/Xt3/XtIsSubclass	2	PASS
/Xt3/XtIsTopLevelShell	1	PASS
/Xt3/XtIsTopLevelShell	2	PASS
/Xt3/XtIsTransientShell	1	PASS
/Xt3/XtIsTransientShell	2	PASS
/Xt3/XtIsVendorShell	1	PASS
/Xt3/XtIsVendorShell	2	PASS
/Xt3/XtIsWMShell	1	PASS
/Xt3/XtIsWMShell	2	PASS
/Xt3/XtIsWidget	1	PASS
/Xt3/XtIsWidget	2	PASS
/Xt3/XtSuperClass	1	PASS
/Xt4/XtAppCreateShell	1	PASS
/Xt4/XtAppCreateShell	2	PASS
/Xt4/XtAppCreateShell	3	PASS
/Xt4/XtAppCreateShell	4	UNTESTED
/Xt4/XtAppCreateShell	5	UNTESTED
/Xt4/XtAppCreateShell	6	UNTESTED
/Xt4/XtAppCreateShell	7	UNTESTED
/Xt4/XtAppInitialize	1	PASS
/Xt4/XtAppInitialize	10	PASS
/Xt4/XtAppInitialize	11	UNTESTED
/Xt4/XtAppInitialize	12	UNTESTED
/Xt4/XtAppInitialize	13	UNTESTED
/Xt4/XtAppInitialize	14	UNTESTED
/Xt4/XtAppInitialize	15	UNTESTED
/Xt4/XtAppInitialize	16	PASS
/Xt4/XtAppInitialize	17	PASS
/Xt4/XtAppInitialize	18	UNTESTED
/Xt4/XtAppInitialize	19	UNTESTED
/Xt4/XtAppInitialize	2	PASS
/Xt4/XtAppInitialize	20	UNTESTED
/Xt4/XtAppInitialize	21	UNTESTED
/Xt4/XtAppInitialize	22	UNTESTED
/Xt4/XtAppInitialize	23	UNTESTED
/Xt4/XtAppInitialize	24	UNTESTED
/Xt4/XtAppInitialize	25	UNTESTED
/Xt4/XtAppInitialize	26	UNTESTED
/Xt4/XtAppInitialize	27	UNTESTED
/Xt4/XtAppInitialize	28	UNTESTED
/Xt4/XtAppInitialize	29	UNTESTED
/Xt4/XtAppInitialize	3	UNTESTED
/Xt4/XtAppInitialize	4	PASS
/Xt4/XtAppInitialize	5	PASS
/Xt4/XtAppInitialize	6	PASS
/Xt4/XtAppInitialize	7	PASS
/Xt4/XtAppInitialize	8	PASS
/Xt4/XtAppInitialize	9	PASS
/Xt4/XtAppSetFallbackResources	1	PASS
/Xt4/XtAppSetFallbackResources	2	PASS
/Xt4/XtCloseDisplay	1	PASS
/Xt4/XtCloseDisplay	2	PASS
/Xt4/XtCreateApplicationContext	1	PASS
/Xt4/XtCreateVarArgsList	1	PASS
/Xt4/XtCreateVarArgsList	2	UNTESTED
/Xt4/XtCreateWidget	1	PASS
/Xt4/XtCreateWidget	2	PASS
/Xt4/XtCreateWidget	3	UNTESTED
/Xt4/XtCreateWidget	4	PASS
/Xt4/XtCreateWindow	1	PASS
/Xt4/XtDatabase	1	PASS
/Xt4/XtDatabase	2	PASS
/Xt4/XtDestroyApplicationContext	1	PASS
/Xt4/XtDestroyApplicationContext	2	PASS
/Xt4/XtDestroyWidget	1	PASS
/Xt4/XtDestroyWidget	2	PASS
/Xt4/XtDestroyWidget	3	UNTESTED
/Xt4/XtDisplay	1	PASS
/Xt4/XtDisplayInitialize	1	PASS
/Xt4/XtDisplayInitialize	10	UNTESTED
/Xt4/XtDisplayInitialize	11	PASS
/Xt4/XtDisplayInitialize	12	PASS
/Xt4/XtDisplayInitialize	13	UNTESTED
/Xt4/XtDisplayInitialize	14	UNTESTED
/Xt4/XtDisplayInitialize	15	UNTESTED
/Xt4/XtDisplayInitialize	16	UNTESTED
/Xt4/XtDisplayInitialize	17	UNTESTED
/Xt4/XtDisplayInitialize	18	UNTESTED
/Xt4/XtDisplayInitialize	19	UNTESTED
/Xt4/XtDisplayInitialize	2	PASS
/Xt4/XtDisplayInitialize	20	UNTESTED
/Xt4/XtDisplayInitialize	3	UNTESTED
/Xt4/XtDisplayInitialize	4	UNTESTED
/Xt4/XtDisplayInitialize	5	UNTESTED
/Xt4/XtDisplayInitialize	6	UNTESTED
/Xt4/XtDisplayInitialize	7	UNTESTED
/Xt4/XtDisplayInitialize	8	UNTESTED
/Xt4/XtDisplayInitialize	9	UNTESTED
/Xt4/XtDisplayOfObject	1	PASS
/Xt4/XtDisplayOfObject	2	PASS
/Xt4/XtIsRealized	1	PASS
/Xt4/XtIsRealized	2	PASS
/Xt4/XtIsRealized	3	PASS
/Xt4/XtMergeArgLists	1	PASS
/Xt4/XtMergeArgLists	2	PASS
/Xt4/XtMergeArgLists	3	UNTESTED
/Xt4/XtName	1	PASS
/Xt4/XtOpenDisplay	1	PASS
/Xt4/XtOpenDisplay	10	PASS
/Xt4/XtOpenDisplay	11	UNTESTED
/Xt4/XtOpenDisplay	12	UNTESTED
/Xt4/XtOpenDisplay	13	UNTESTED
/Xt4/XtOpenDisplay	14	UNTESTED
/Xt4/XtOpenDisplay	15	UNTESTED
/Xt4/XtOpenDisplay	16	UNTESTED
/Xt4/XtOpenDisplay	17	UNTESTED
/Xt4/XtOpenDisplay	18	UNTESTED
/Xt4/XtOpenDisplay	19	PASS
/Xt4/XtOpenDisplay	2	PASS
/Xt4/XtOpenDisplay	20	PASS
/Xt4/XtOpenDisplay	21	UNTESTED
/Xt4/XtOpenDisplay	22	UNTESTED
/Xt4/XtOpenDisplay	23	UNTESTED
/Xt4/XtOpenDisplay	24	UNTESTED
/Xt4/XtOpenDisplay	25	UNTESTED
/Xt4/XtOpenDisplay	26	UNTESTED
/Xt4/XtOpenDisplay	27	UNTESTED
/Xt4/XtOpenDisplay	28	UNTESTED
/Xt4/XtOpenDisplay	3	PASS
/Xt4/XtOpenDisplay	4	PASS
/Xt4/XtOpenDisplay	5	PASS
/Xt4/XtOpenDisplay	6	PASS
/Xt4/XtOpenDisplay	7	PASS
/Xt4/XtOpenDisplay	8	PASS
/Xt4/XtOpenDisplay	9	PASS
/Xt4/XtParent	1	PASS
/Xt4/XtRealizeWidget	1	UNTESTED
/Xt4/XtRealizeWidget	10	PASS
/Xt4/XtRealizeWidget	11	UNTESTED
/Xt4/XtRealizeWidget	2	PASS
/Xt4/XtRealizeWidget	3	UNTESTED
/Xt4/XtRealizeWidget	4	UNTESTED
/Xt4/XtRealizeWidget	5	UNTESTED
/Xt4/XtRealizeWidget	6	UNTESTED
/Xt4/XtRealizeWidget	7	UNTESTED
/Xt4/XtRealizeWidget	8	UNTESTED
/Xt4/XtRealizeWidget	9	UNTESTED
/Xt4/XtScreen	1	PASS
/Xt4/XtScreenDatabase	1	PASS
/Xt4/XtScreenOfObject	1	PASS
/Xt4/XtScreenOfObject	2	PASS
/Xt4/XtSetArg	1	PASS
/Xt4/XtSetArg	2	PASS
/Xt4/XtSetLanguageProc	1	PASS
/Xt4/XtSetLanguageProc	2	PASS
/Xt4/XtSetLanguageProc	3	PASS
/Xt4/XtSetLanguageProc	4	PASS
/Xt4/XtSetLanguageProc	5	UNTESTED
/Xt4/XtSetLanguageProc	6	UNTESTED
/Xt4/XtSetLanguageProc	7	PASS
/Xt4/XtSetLanguageProc	8	PASS
/Xt4/XtToolkitInitialize	1	PASS
/Xt4/XtUnrealizeWidget	1	PASS
/Xt4/XtUnrealizeWidget	2	PASS
/Xt4/XtUnrealizeWidget	3	UNTESTED
/Xt4/XtUnrealizeWidget	4	UNTESTED
/Xt4/XtVaAppCreateShell	1	PASS
/Xt4/XtVaAppCreateShell	2	PASS
/Xt4/XtVaAppCreateShell	3	PASS
/Xt4/XtVaAppCreateShell	4	UNTESTED
/Xt4/XtVaAppCreateShell	5	UNTESTED
/Xt4/XtVaAppCreateShell	6	UNTESTED
/Xt4/XtVaAppCreateShell	7	UNTESTED
/Xt4/XtVaAppInitialize	1	PASS
/Xt4/XtVaAppInitialize	10	PASS
/Xt4/XtVaAppInitialize	11	UNTESTED
/Xt4/XtVaAppInitialize	12	UNTESTED
/Xt4/XtVaAppInitialize	13	UNTESTED
/Xt4/XtVaAppInitialize	14	UNTESTED
/Xt4/XtVaAppInitialize	15	UNTESTED
/Xt4/XtVaAppInitialize	16	PASS
/Xt4/XtVaAppInitialize	17	PASS
/Xt4/XtVaAppInitialize	18	UNTESTED
/Xt4/XtVaAppInitialize	19	UNTESTED
/Xt4/XtVaAppInitialize	2	PASS
/Xt4/XtVaAppInitialize	20	UNTESTED
/Xt4/XtVaAppInitialize	21	UNTESTED
/Xt4/XtVaAppInitialize	22	UNTESTED
/Xt4/XtVaAppInitialize	23	UNTESTED
/Xt4/XtVaAppInitialize	24	UNTESTED
/Xt4/XtVaAppInitialize	25	UNTESTED
/Xt4/XtVaAppInitialize	26	UNTESTED
/Xt4/XtVaAppInitialize	27	UNTESTED
/Xt4/XtVaAppInitialize	28	UNTESTED
/Xt4/XtVaAppInitialize	29	UNTESTED
/Xt4/XtVaAppInitialize	3	UNTESTED
/Xt4/XtVaAppInitialize	4	PASS
/Xt4/XtVaAppInitialize	5	PASS
/Xt4/XtVaAppInitialize	6	PASS
/Xt4/XtVaAppInitialize	7	PASS
/Xt4/XtVaAppInitialize	8	PASS
/Xt4/XtVaAppInitialize	9	PASS
/Xt4/XtVaCreateWidget	1	PASS
/Xt4/XtVaCreateWidget	2	PASS
/Xt4/XtVaCreateWidget	3	UNTESTED
/Xt4/XtVaCreateWidget	4	PASS
/Xt4/XtVaCreateWidget	5	UNTESTED
/Xt4/XtVaCreateWidget	6	UNTESTED
/Xt4/XtVaCreateWidget	7	UNTESTED
/Xt4/XtVaCreateWidget	8	UNTESTED
/Xt4/XtWidgetToApplicationContext	1	PASS
/Xt4/XtWindow	1	PASS
/Xt4/XtWindowOfObject	1	PASS
/Xt4/XtWindowOfObject	2	PASS
/Xt5/XtCreateManagedWidget	1	PASS
/Xt5/XtCreateManagedWidget	10	UNTESTED
/Xt5/XtCreateManagedWidget	11	UNTESTED
/Xt5/XtCreateManagedWidget	12	UNTESTED
/Xt5/XtCreateManagedWidget	13	UNTESTED
/Xt5/XtCreateManagedWidget	14	UNTESTED
/Xt5/XtCreateManagedWidget	15	UNTESTED
/Xt5/XtCreateManagedWidget	2	UNTESTED
/Xt5/XtCreateManagedWidget	3	UNTESTED
/Xt5/XtCreateManagedWidget	4	UNTESTED
/Xt5/XtCreateManagedWidget	5	UNTESTED
/Xt5/XtCreateManagedWidget	6	UNTESTED
/Xt5/XtCreateManagedWidget	7	UNTESTED
/Xt5/XtCreateManagedWidget	8	UNTESTED
/Xt5/XtCreateManagedWidget	9	UNTESTED
/Xt5/XtIsManaged	1	PASS
/Xt5/XtIsManaged	2	PASS
/Xt5/XtIsManaged	3	PASS
/Xt5/XtManageChild	1	PASS
/Xt5/XtManageChild	2	UNTESTED
/Xt5/XtManageChild	3	PASS
/Xt5/XtManageChild	4	UNTESTED
/Xt5/XtManageChild	5	UNTESTED
/Xt5/XtManageChild	6	PASS
/Xt5/XtManageChildren	1	PASS
/Xt5/XtManageChildren	2	UNTESTED
/Xt5/XtManageChildren	3	PASS
/Xt5/XtManageChildren	4	PASS
/Xt5/XtManageChildren	5	UNTESTED
/Xt5/XtManageChildren	6	UNTESTED
/Xt5/XtManageChildren	7	UNTESTED
/Xt5/XtMapWidget	1	PASS
/Xt5/XtSetMappedWhenManaged	1	PASS
/Xt5/XtSetMappedWhenManaged	2	PASS
/Xt5/XtUnmanageChild	1	PASS
/Xt5/XtUnmanageChild	2	UNTESTED
/Xt5/XtUnmanageChild	3	PASS
/Xt5/XtUnmanageChild	4	NORESULT
/Xt5/XtUnmanageChild	5	UNTESTED
/Xt5/XtUnmanageChild	6	UNTESTED
/Xt5/XtUnmanageChild	7	PASS
/Xt5/XtUnmanageChildren	1	PASS
/Xt5/XtUnmanageChildren	2	UNTESTED
/Xt5/XtUnmanageChildren	3	PASS
/Xt5/XtUnmanageChildren	4	PASS
/Xt5/XtUnmanageChildren	5	NORESULT
/Xt5/XtUnmanageChildren	6	UNTESTED
/Xt5/XtUnmanageChildren	7	UNTESTED
/Xt5/XtUnmanageChildren	8	PASS
/Xt5/XtUnmapWidget	1	PASS
/Xt5/XtVaCreateManagedWidget	1	PASS
/Xt5/XtVaCreateManagedWidget	10	UNTESTED
/Xt5/XtVaCreateManagedWidget	11	UNTESTED
/Xt5/XtVaCreateManagedWidget	12	UNTESTED
/Xt5/XtVaCreateManagedWidget	13	UNTESTED
/Xt5/XtVaCreateManagedWidget	14	UNTESTED
/Xt5/XtVaCreateManagedWidget	15	UNTESTED
/Xt5/XtVaCreateManagedWidget	16	UNTESTED
/Xt5/XtVaCreateManagedWidget	17	UNTESTED
/Xt5/XtVaCreateManagedWidget	18	PASS
/Xt5/XtVaCreateManagedWidget	19	UNTESTED
/Xt5/XtVaCreateManagedWidget	2	PASS
/Xt5/XtVaCreateManagedWidget	3	PASS
/Xt5/XtVaCreateManagedWidget	4	UNTESTED
/Xt5/XtVaCreateManagedWidget	5	PASS
/Xt5/XtVaCreateManagedWidget	6	UNTESTED
/Xt5/XtVaCreateManagedWidget	7	UNTESTED
/Xt5/XtVaCreateManagedWidget	8	UNTESTED
/Xt5/XtVaCreateManagedWidget	9	UNTESTED
/Xt6/ApplicationShellWidget	1	PASS
/Xt6/ApplicationShellWidget	10	FAIL
/Xt6/ApplicationShellWidget	2	PASS
/Xt6/ApplicationShellWidget	3	PASS
/Xt6/ApplicationShellWidget	4	PASS
/Xt6/ApplicationShellWidget	5	PASS
/Xt6/ApplicationShellWidget	6	PASS
/Xt6/ApplicationShellWidget	7	PASS
/Xt6/ApplicationShellWidget	8	PASS
/Xt6/ApplicationShellWidget	9	PASS
/Xt6/OverrideShellWidget	1	PASS
/Xt6/OverrideShellWidget	10	PASS
/Xt6/OverrideShellWidget	2	PASS
/Xt6/OverrideShellWidget	3	PASS
/Xt6/OverrideShellWidget	4	PASS
/Xt6/OverrideShellWidget	5	PASS
/Xt6/OverrideShellWidget	6	PASS
/Xt6/OverrideShellWidget	7	PASS
/Xt6/OverrideShellWidget	8	PASS
/Xt6/OverrideShellWidget	9	PASS
/Xt6/ShellWidget	1	PASS
/Xt6/ShellWidget	10	PASS
/Xt6/ShellWidget	11	PASS
/Xt6/ShellWidget	2	PASS
/Xt6/ShellWidget	3	PASS
/Xt6/ShellWidget	4	PASS
/Xt6/ShellWidget	5	PASS
/Xt6/ShellWidget	6	PASS
/Xt6/ShellWidget	7	PASS
/Xt6/ShellWidget	8	PASS
/Xt6/ShellWidget	9	PASS
/Xt6/TopLevelShellWidget	1	PASS
/Xt6/TopLevelShellWidget	10	FAIL
/Xt6/TopLevelShellWidget	2	PASS
/Xt6/TopLevelShellWidget	3	PASS
/Xt6/TopLevelShellWidget	4	PASS
/Xt6/TopLevelShellWidget	5	PASS
/Xt6/TopLevelShellWidget	6	PASS
/Xt6/TopLevelShellWidget	7	PASS
/Xt6/TopLevelShellWidget	8	PASS
/Xt6/TopLevelShellWidget	9	PASS
/Xt6/TransientShellWidget	1	PASS
/Xt6/TransientShellWidget	10	FAIL
/Xt6/TransientShellWidget	2	PASS
/Xt6/TransientShellWidget	3	PASS
/Xt6/TransientShellWidget	4	PASS
/Xt6/TransientShellWidget	5	PASS
/Xt6/TransientShellWidget	6	PASS
/Xt6/TransientShellWidget	7	PASS
/Xt6/TransientShellWidget	8	PASS
/Xt6/TransientShellWidget	9	PASS
/Xt6/VendorShellWidget	1	PASS
/Xt6/VendorShellWidget	10	FAIL
/Xt6/VendorShellWidget	2	PASS
/Xt6/VendorShellWidget	3	PASS
/Xt6/VendorShellWidget	4	PASS
/Xt6/VendorShellWidget	5	PASS
/Xt6/VendorShellWidget	6	PASS
/Xt6/VendorShellWidget	7	PASS
/Xt6/VendorShellWidget	8	PASS
/Xt6/VendorShellWidget	9	PASS
/Xt6/WMShellWidget	1	PASS
/Xt6/WMShellWidget	10	PASS
/Xt6/WMShellWidget	2	PASS
/Xt6/WMShellWidget	3	PASS
/Xt6/WMShellWidget	4	PASS
/Xt6/WMShellWidget	5	PASS
/Xt6/WMShellWidget	6	PASS
/Xt6/WMShellWidget	7	PASS
/Xt6/WMShellWidget	8	PASS
/Xt6/WMShellWidget	9	PASS
/Xt7/XtCallbackExclusive	1	PASS
/Xt7/XtCallbackExclusive	2	PASS
/Xt7/XtCallbackExclusive	3	NOTINUSE
/Xt7/XtCallbackExclusive	4	PASS
/Xt7/XtCallbackExclusive	5	PASS
/Xt7/XtCallbackExclusive	6	PASS
/Xt7/XtCallbackExclusive	7	PASS
/Xt7/XtCallbackExclusive	8	PASS
/Xt7/XtCallbackNone	1	PASS
/Xt7/XtCallbackNone	2	PASS
/Xt7/XtCallbackNone	3	NOTINUSE
/Xt7/XtCallbackNone	4	PASS
/Xt7/XtCallbackNone	5	PASS
/Xt7/XtCallbackNone	6	PASS
/Xt7/XtCallbackNone	7	PASS
/Xt7/XtCallbackNone	8	PASS
/Xt7/XtCallbackNonexclusive	1	PASS
/Xt7/XtCallbackNonexclusive	2	PASS
/Xt7/XtCallbackNonexclusive	3	NOTINUSE
/Xt7/XtCallbackNonexclusive	4	PASS
/Xt7/XtCallbackNonexclusive	5	PASS
/Xt7/XtCallbackNonexclusive	6	PASS
/Xt7/XtCallbackNonexclusive	7	PASS
/Xt7/XtCallbackNonexclusive	8	PASS
/Xt7/XtCallbackPopdown	1	PASS
/Xt7/XtCallbackPopdown	2	PASS
/Xt7/XtCallbackPopdown	3	PASS
/Xt7/XtCallbackPopdown	4	PASS
/Xt7/XtCallbackPopdown	5	PASS
/Xt7/XtCallbackPopdown	6	PASS
/Xt7/XtCallbackPopdown	7	PASS
/Xt7/XtCallbackPopdown	8	PASS
/Xt7/XtCallbackPopdown	9	PASS
/Xt7/XtCreatePopupShell	1	PASS
/Xt7/XtCreatePopupShell	2	PASS
/Xt7/XtCreatePopupShell	3	PASS
/Xt7/XtCreatePopupShell	4	UNTESTED
/Xt7/XtCreatePopupShell	5	UNTESTED
/Xt7/XtCreatePopupShell	6	UNTESTED
/Xt7/XtMenuPopdown	1	PASS
/Xt7/XtMenuPopdown	10	FAIL
/Xt7/XtMenuPopdown	11	PASS
/Xt7/XtMenuPopdown	2	PASS
/Xt7/XtMenuPopdown	3	PASS
/Xt7/XtMenuPopdown	4	PASS
/Xt7/XtMenuPopdown	5	PASS
/Xt7/XtMenuPopdown	6	PASS
/Xt7/XtMenuPopdown	7	PASS
/Xt7/XtMenuPopdown	8	PASS
/Xt7/XtMenuPopdown	9	PASS
/Xt7/XtMenuPopup	1	PASS
/Xt7/XtMenuPopup	10	PASS
/Xt7/XtMenuPopup	11	PASS
/Xt7/XtMenuPopup	12	PASS
/Xt7/XtMenuPopup	13	PASS
/Xt7/XtMenuPopup	14	PASS
/Xt7/XtMenuPopup	15	PASS
/Xt7/XtMenuPopup	16	PASS
/Xt7/XtMenuPopup	17	PASS
/Xt7/XtMenuPopup	18	PASS
/Xt7/XtMenuPopup	19	PASS
/Xt7/XtMenuPopup	2	PASS
/Xt7/XtMenuPopup	20	PASS
/Xt7/XtMenuPopup	21	PASS
/Xt7/XtMenuPopup	22	PASS
/Xt7/XtMenuPopup	3	PASS
/Xt7/XtMenuPopup	4	PASS
/Xt7/XtMenuPopup	5	PASS
/Xt7/XtMenuPopup	6	PASS
/Xt7/XtMenuPopup	7	PASS
/Xt7/XtMenuPopup	8	PASS
/Xt7/XtMenuPopup	9	PASS
/Xt7/XtPopdown	1	PASS
/Xt7/XtPopdown	2	PASS
/Xt7/XtPopdown	3	PASS
/Xt7/XtPopdown	4	PASS
/Xt7/XtPopdown	5	PASS
/Xt7/XtPopdown	6	PASS
/Xt7/XtPopdown	7	PASS
/Xt7/XtPopdown	8	PASS
/Xt7/XtPopup	1	PASS
/Xt7/XtPopup	10	PASS
/Xt7/XtPopup	11	PASS
/Xt7/XtPopup	2	PASS
/Xt7/XtPopup	3	PASS
/Xt7/XtPopup	4	PASS
/Xt7/XtPopup	5	PASS
/Xt7/XtPopup	6	PASS
/Xt7/XtPopup	7	PASS
/Xt7/XtPopup	8	PASS
/Xt7/XtPopup	9	PASS
/Xt7/XtPopupSpringLoaded	1	PASS
/Xt7/XtPopupSpringLoaded	2	PASS
/Xt7/XtPopupSpringLoaded	3	PASS
/Xt7/XtPopupSpringLoaded	4	PASS
/Xt7/XtPopupSpringLoaded	5	PASS
/Xt7/XtPopupSpringLoaded	6	PASS
/Xt7/XtPopupSpringLoaded	7	PASS
/Xt7/XtPopupSpringLoaded	8	PASS
/Xt7/XtPopupSpringLoaded	9	PASS
/Xt7/XtVaCreatePopupShell	1	PASS
/Xt7/XtVaCreatePopupShell	2	PASS
/Xt7/XtVaCreatePopupShell	3	PASS
/Xt7/XtVaCreatePopupShell	4	UNTESTED
/Xt7/XtVaCreatePopupShell	5	UNTESTED
/Xt7/XtVaCreatePopupShell	6	UNTESTED
/Xt8/XtConfigureWidget	1	PASS
/Xt8/XtConfigureWidget	2	PASS
/Xt8/XtConfigureWidget	3	PASS
/Xt8/XtConfigureWidget	4	PASS
/Xt8/XtConfigureWidget	5	PASS
/Xt8/XtMakeGeometryRequest	1	PASS
/Xt8/XtMakeGeometryRequest	10	PASS
/Xt8/XtMakeGeometryRequest	11	UNTESTED
/Xt8/XtMakeGeometryRequest	2	PASS
/Xt8/XtMakeGeometryRequest	3	FAIL
/Xt8/XtMakeGeometryRequest	4	FAIL
/Xt8/XtMakeGeometryRequest	5	PASS
/Xt8/XtMakeGeometryRequest	6	PASS
/Xt8/XtMakeGeometryRequest	7	PASS
/Xt8/XtMakeGeometryRequest	8	UNTESTED
/Xt8/XtMakeGeometryRequest	9	PASS
/Xt8/XtMakeResizeRequest	1	PASS
/Xt8/XtMakeResizeRequest	10	PASS
/Xt8/XtMakeResizeRequest	11	PASS
/Xt8/XtMakeResizeRequest	12	UNTESTED
/Xt8/XtMakeResizeRequest	2	PASS
/Xt8/XtMakeResizeRequest	3	FAIL
/Xt8/XtMakeResizeRequest	4	FAIL
/Xt8/XtMakeResizeRequest	5	PASS
/Xt8/XtMakeResizeRequest	6	PASS
/Xt8/XtMakeResizeRequest	7	PASS
/Xt8/XtMakeResizeRequest	8	UNTESTED
/Xt8/XtMakeResizeRequest	9	PASS
/Xt8/XtMoveWidget	1	PASS
/Xt8/XtMoveWidget	2	PASS
/Xt8/XtMoveWidget	3	PASS
/Xt8/XtQueryGeometry/XtQueryGeometry	1	PASS
/Xt8/XtQueryGeometry/XtQueryGeometry	2	PASS
/Xt8/XtQueryGeometry/XtQueryGeometry	3	PASS
/Xt8/XtQueryGeometry/XtQueryGeometry	4	PASS
/Xt8/XtQueryGeometry/XtQueryGeometry	5	PASS
/Xt8/XtQueryGeometry/XtQueryGeometry	6	PASS
/Xt8/XtResizeWidget	1	PASS
/Xt8/XtResizeWidget	2	PASS
/Xt8/XtResizeWidget	3	PASS
/Xt8/XtResizeWidget	4	PASS
/Xt8/XtResizeWindow	1	PASS
/Xt8/XtResizeWindow	2	PASS
/Xt9/XtAddEventHandler	1	PASS
/Xt9/XtAddEventHandler	2	PASS
/Xt9/XtAddEventHandler	3	PASS
/Xt9/XtAddEventHandler	4	PASS
/Xt9/XtAddEventHandler	5	PASS
/Xt9/XtAddEventHandler	6	PASS
/Xt9/XtAddEventHandler	7	PASS
/Xt9/XtAddEventHandler	8	PASS
/Xt9/XtAddGrab	1	PASS
/Xt9/XtAddGrab	2	PASS
/Xt9/XtAddGrab	3	PASS
/Xt9/XtAddGrab	4	PASS
/Xt9/XtAddGrab	5	PASS
/Xt9/XtAddRawEventHandler	1	PASS
/Xt9/XtAddRawEventHandler	2	PASS
/Xt9/XtAddRawEventHandler	3	PASS
/Xt9/XtAddRawEventHandler	4	PASS
/Xt9/XtAddRawEventHandler	5	PASS
/Xt9/XtAddRawEventHandler	6	PASS
/Xt9/XtAddRawEventHandler	7	PASS
/Xt9/XtAddRawEventHandler	8	PASS
/Xt9/XtAddRawEventHandler	9	PASS
/Xt9/XtAppAddInput	1	PASS
/Xt9/XtAppAddInput	2	PASS
/Xt9/XtAppAddInput	3	UNTESTED
/Xt9/XtAppAddInput	4	UNTESTED
/Xt9/XtAppAddInput	5	PASS
/Xt9/XtAppAddTimeOut	1	PASS
/Xt9/XtAppAddTimeOut	2	PASS
/Xt9/XtAppAddTimeOut	3	PASS
/Xt9/XtAppAddWorkProc	1	PASS
/Xt9/XtAppAddWorkProc	2	PASS
/Xt9/XtAppAddWorkProc	3	PASS
/Xt9/XtAppAddWorkProc	4	PASS
/Xt9/XtAppAddWorkProc	5	PASS
/Xt9/XtAppMainLoop	1	PASS
/Xt9/XtAppMainLoop	10	UNTESTED
/Xt9/XtAppMainLoop	11	UNTESTED
/Xt9/XtAppMainLoop	12	UNTESTED
/Xt9/XtAppMainLoop	13	UNTESTED
/Xt9/XtAppMainLoop	14	UNTESTED
/Xt9/XtAppMainLoop	15	UNTESTED
/Xt9/XtAppMainLoop	16	UNTESTED
/Xt9/XtAppMainLoop	17	UNTESTED
/Xt9/XtAppMainLoop	18	UNTESTED
/Xt9/XtAppMainLoop	19	UNTESTED
/Xt9/XtAppMainLoop	2	PASS
/Xt9/XtAppMainLoop	20	UNTESTED
/Xt9/XtAppMainLoop	21	UNTESTED
/Xt9/XtAppMainLoop	22	UNTESTED
/Xt9/XtAppMainLoop	23	UNTESTED
/Xt9/XtAppMainLoop	24	UNTESTED
/Xt9/XtAppMainLoop	25	UNTESTED
/Xt9/XtAppMainLoop	26	UNTESTED
/Xt9/XtAppMainLoop	27	UNTESTED
/Xt9/XtAppMainLoop	28	UNTESTED
/Xt9/XtAppMainLoop	3	PASS
/Xt9/XtAppMainLoop	4	PASS
/Xt9/XtAppMainLoop	5	UNTESTED
/Xt9/XtAppMainLoop	6	UNTESTED
/Xt9/XtAppMainLoop	7	PASS
/Xt9/XtAppMainLoop	8	UNTESTED
/Xt9/XtAppMainLoop	9	UNTESTED
/Xt9/XtAppNextEvent	1	PASS
/Xt9/XtAppNextEvent	2	PASS
/Xt9/XtAppNextEvent	3	PASS
/Xt9/XtAppNextEvent	4	PASS
/Xt9/XtAppPeekEvent	1	PASS
/Xt9/XtAppPeekEvent	2	PASS
/Xt9/XtAppPeekEvent	3	UNTESTED
/Xt9/XtAppPending	1	PASS
/Xt9/XtAppPending	2	PASS
/Xt9/XtAppPending	3	PASS
/Xt9/XtAppPending	4	PASS
/Xt9/XtAppPending	5	PASS
/Xt9/XtAppProcessEvent	1	PASS
/Xt9/XtAppProcessEvent	10	UNTESTED
/Xt9/XtAppProcessEvent	11	UNTESTED
/Xt9/XtAppProcessEvent	2	UNTESTED
/Xt9/XtAppProcessEvent	3	PASS
/Xt9/XtAppProcessEvent	4	PASS
/Xt9/XtAppProcessEvent	5	PASS
/Xt9/XtAppProcessEvent	6	PASS
/Xt9/XtAppProcessEvent	7	PASS
/Xt9/XtAppProcessEvent	8	UNTESTED
/Xt9/XtAppProcessEvent	9	PASS
/Xt9/XtBuildEventMask	1	PASS
/Xt9/XtBuildEventMask	2	PASS
/Xt9/XtBuildEventMask	3	PASS
/Xt9/XtCallAcceptFocus/XtCallAcceptFocus	1	PASS
/Xt9/XtCallAcceptFocus/XtCallAcceptFocus	2	PASS
/Xt9/XtDispatchEvent	1	PASS
/Xt9/XtDispatchEvent	10	PASS
/Xt9/XtDispatchEvent	11	UNSUPPORTED
/Xt9/XtDispatchEvent	2	UNSUPPORTED
/Xt9/XtDispatchEvent	3	UNTESTED
/Xt9/XtDispatchEvent	4	UNTESTED
/Xt9/XtDispatchEvent	5	UNTESTED
/Xt9/XtDispatchEvent	6	PASS
/Xt9/XtDispatchEvent	7	UNTESTED
/Xt9/XtDispatchEvent	8	UNTESTED
/Xt9/XtDispatchEvent	9	UNTESTED
/Xt9/XtGrabButton	1	PASS
/Xt9/XtGrabButton	2	PASS
/Xt9/XtGrabButton	3	PASS
/Xt9/XtGrabButton	4	UNTESTED
/Xt9/XtGrabButton	5	UNTESTED
/Xt9/XtGrabKey	1	UNRESOLVED
/Xt9/XtGrabKey	2	UNRESOLVED
/Xt9/XtGrabKey	3	UNRESOLVED
/Xt9/XtGrabKey	4	UNTESTED
/Xt9/XtGrabKey	5	UNTESTED
/Xt9/XtGrabKeyboard	1	PASS
/Xt9/XtGrabKeyboard	2	PASS
/Xt9/XtGrabPointer	1	PASS
/Xt9/XtGrabPointer	2	PASS
/Xt9/XtInsertEventHandler	1	PASS
/Xt9/XtInsertEventHandler	10	PASS
/Xt9/XtInsertEventHandler	2	PASS
/Xt9/XtInsertEventHandler	3	PASS
/Xt9/XtInsertEventHandler	4	PASS
/Xt9/XtInsertEventHandler	5	PASS
/Xt9/XtInsertEventHandler	6	PASS
/Xt9/XtInsertEventHandler	7	PASS
/Xt9/XtInsertEventHandler	8	PASS
/Xt9/XtInsertEventHandler	9	PASS
/Xt9/XtInsertRawEventHandler	1	PASS
/Xt9/XtInsertRawEventHandler	10	PASS
/Xt9/XtInsertRawEventHandler	2	PASS
/Xt9/XtInsertRawEventHandler	3	PASS
/Xt9/XtInsertRawEventHandler	4	PASS
/Xt9/XtInsertRawEventHandler	5	PASS
/Xt9/XtInsertRawEventHandler	6	PASS
/Xt9/XtInsertRawEventHandler	7	PASS
/Xt9/XtInsertRawEventHandler	8	PASS
/Xt9/XtInsertRawEventHandler	9	PASS
/Xt9/XtIsSensitive	1	PASS
/Xt9/XtIsSensitive	2	PASS
/Xt9/XtIsSensitive	3	PASS
/Xt9/XtIsSensitive	4	PASS
/Xt9/XtRemoveEventHandler	1	PASS
/Xt9/XtRemoveEventHandler	2	PASS
/Xt9/XtRemoveEventHandler	3	PASS
/Xt9/XtRemoveEventHandler	4	PASS
/Xt9/XtRemoveEventHandler	5	PASS
/Xt9/XtRemoveEventHandler	6	PASS
/Xt9/XtRemoveEventHandler	7	UNTESTED
/Xt9/XtRemoveGrab	1	PASS
/Xt9/XtRemoveGrab	2	PASS
/Xt9/XtRemoveInput/XtRemoveInput	1	PASS
/Xt9/XtRemoveRawEventHandler	1	PASS
/Xt9/XtRemoveRawEventHandler	2	PASS
/Xt9/XtRemoveRawEventHandler	3	PASS
/Xt9/XtRemoveRawEventHandler	4	PASS
/Xt9/XtRemoveRawEventHandler	5	PASS
/Xt9/XtRemoveRawEventHandler	6	PASS
/Xt9/XtRemoveRawEventHandler	7	UNTESTED
/Xt9/XtRemoveTimeOut	1	PASS
/Xt9/XtRemoveWorkProc	1	PASS
/Xt9/XtRemoveWorkProc	2	PASS
/Xt9/XtSetKeyboardFocus	1	PASS
/Xt9/XtSetKeyboardFocus	10	UNTESTED
/Xt9/XtSetKeyboardFocus	11	UNTESTED
/Xt9/XtSetKeyboardFocus	12	UNTESTED
/Xt9/XtSetKeyboardFocus	13	UNTESTED
/Xt9/XtSetKeyboardFocus	14	UNTESTED
/Xt9/XtSetKeyboardFocus	15	UNTESTED
/Xt9/XtSetKeyboardFocus	16	UNTESTED
/Xt9/XtSetKeyboardFocus	17	UNTESTED
/Xt9/XtSetKeyboardFocus	2	PASS
/Xt9/XtSetKeyboardFocus	3	PASS
/Xt9/XtSetKeyboardFocus	4	FAIL
/Xt9/XtSetKeyboardFocus	5	FAIL
/Xt9/XtSetKeyboardFocus	6	FAIL
/Xt9/XtSetKeyboardFocus	7	UNTESTED
/Xt9/XtSetKeyboardFocus	8	UNTESTED
/Xt9/XtSetKeyboardFocus	9	UNTESTED
/Xt9/XtSetSensitive	1	PASS
/Xt9/XtSetSensitive	2	PASS
/Xt9/XtSetSensitive	3	UNTESTED
/Xt9/XtSetSensitive	4	UNTESTED
/Xt9/XtSetSensitive	5	PASS
/Xt9/XtSetSensitive	6	PASS
/Xt9/XtUngrabButton	1	PASS
/Xt9/XtUngrabButton	2	PASS
/Xt9/XtUngrabKey	1	UNRESOLVED
/Xt9/XtUngrabKey	2	UNRESOLVED
/Xt9/XtUngrabKeyboard	1	FAIL
/Xt9/XtUngrabPointer	1	PASS
/XtC/XtAddActions	1	PASS
/XtC/XtAddActions	2	PASS
/XtC/XtAddActions	3	PASS
/XtC/XtAddConverter	1	PASS
/XtC/XtAddConverter	10	PASS
/XtC/XtAddConverter	2	PASS
/XtC/XtAddConverter	3	PASS
/XtC/XtAddConverter	4	PASS
/XtC/XtAddConverter	5	PASS
/XtC/XtAddConverter	6	PASS
/XtC/XtAddConverter	7	UNTESTED
/XtC/XtAddConverter	8	UNTESTED
/XtC/XtAddConverter	9	PASS
/XtC/XtAddInput	1	PASS
/XtC/XtAddInput	2	PASS
/XtC/XtAddInput	3	UNTESTED
/XtC/XtAddInput	4	UNTESTED
/XtC/XtAddInput	5	PASS
/XtC/XtAddTimeOut	1	PASS
/XtC/XtAddTimeOut	2	PASS
/XtC/XtAddWorkProc	1	PASS
/XtC/XtAddWorkProc	2	PASS
/XtC/XtAddWorkProc	3	PASS
/XtC/XtAddWorkProc	4	PASS
/XtC/XtAddWorkProc	5	PASS
/XtC/XtAppAddConverter	1	PASS
/XtC/XtAppAddConverter	10	PASS
/XtC/XtAppAddConverter	2	PASS
/XtC/XtAppAddConverter	3	PASS
/XtC/XtAppAddConverter	4	PASS
/XtC/XtAppAddConverter	5	PASS
/XtC/XtAppAddConverter	6	PASS
/XtC/XtAppAddConverter	7	UNTESTED
/XtC/XtAppAddConverter	8	UNTESTED
/XtC/XtAppAddConverter	9	PASS
/XtC/XtConvert	1	PASS
/XtC/XtCreateApplicationShell	1	PASS
/XtC/XtCreateApplicationShell	2	UNTESTED
/XtC/XtCreateApplicationShell	3	PASS
/XtC/XtCreateApplicationShell	4	UNTESTED
/XtC/XtCreateApplicationShell	5	UNTESTED
/XtC/XtCreateApplicationShell	6	UNTESTED
/XtC/XtCreateApplicationShell	7	UNTESTED
/XtC/XtDestroyGC	1	PASS
/XtC/XtDestroyGC	2	PASS
/XtC/XtDirectConvert	1	PASS
/XtC/XtDirectConvert	2	UNTESTED
/XtC/XtDirectConvert	3	PASS
/XtC/XtError	1	FAIL
/XtC/XtError	2	UNTESTED
/XtC/XtError	3	PASS
/XtC/XtErrorMsg	1	PASS
/XtC/XtErrorMsg	2	PASS
/XtC/XtErrorMsg	3	PASS
/XtC/XtGetErrorDatabase	1	PASS
/XtC/XtGetErrorDatabaseText	1	PASS
/XtC/XtGetErrorDatabaseText	2	PASS
/XtC/XtGetSelectionTimeout	1	PASS
/XtC/XtGetSelectionTimeout	2	PASS
/XtC/XtInitialize	1	PASS
/XtC/XtInitialize	10	UNTESTED
/XtC/XtInitialize	11	UNTESTED
/XtC/XtInitialize	12	UNTESTED
/XtC/XtInitialize	13	UNTESTED
/XtC/XtInitialize	14	UNTESTED
/XtC/XtInitialize	15	PASS
/XtC/XtInitialize	16	PASS
/XtC/XtInitialize	17	UNTESTED
/XtC/XtInitialize	18	UNTESTED
/XtC/XtInitialize	19	UNTESTED
/XtC/XtInitialize	2	PASS
/XtC/XtInitialize	20	UNTESTED
/XtC/XtInitialize	21	UNTESTED
/XtC/XtInitialize	22	UNTESTED
/XtC/XtInitialize	23	UNTESTED
/XtC/XtInitialize	24	UNTESTED
/XtC/XtInitialize	25	PASS
/XtC/XtInitialize	26	UNTESTED
/XtC/XtInitialize	27	UNTESTED
/XtC/XtInitialize	3	PASS
/XtC/XtInitialize	4	PASS
/XtC/XtInitialize	5	PASS
/XtC/XtInitialize	6	PASS
/XtC/XtInitialize	7	PASS
/XtC/XtInitialize	8	PASS
/XtC/XtInitialize	9	PASS
/XtC/XtMainLoop	1	PASS
/XtC/XtMainLoop	10	UNTESTED
/XtC/XtMainLoop	11	UNTESTED
/XtC/XtMainLoop	12	UNTESTED
/XtC/XtMainLoop	13	UNTESTED
/XtC/XtMainLoop	14	UNTESTED
/XtC/XtMainLoop	15	UNTESTED
/XtC/XtMainLoop	16	UNTESTED
/XtC/XtMainLoop	17	UNTESTED
/XtC/XtMainLoop	18	UNTESTED
/XtC/XtMainLoop	19	UNTESTED
/XtC/XtMainLoop	2	PASS
/XtC/XtMainLoop	20	UNTESTED
/XtC/XtMainLoop	21	UNTESTED
/XtC/XtMainLoop	22	UNTESTED
/XtC/XtMainLoop	23	UNTESTED
/XtC/XtMainLoop	24	UNTESTED
/XtC/XtMainLoop	25	UNTESTED
/XtC/XtMainLoop	26	UNTESTED
/XtC/XtMainLoop	27	UNTESTED
/XtC/XtMainLoop	28	UNTESTED
/XtC/XtMainLoop	3	PASS
/XtC/XtMainLoop	4	PASS
/XtC/XtMainLoop	5	UNTESTED
/XtC/XtMainLoop	6	UNTESTED
/XtC/XtMainLoop	7	PASS
/XtC/XtMainLoop	8	UNTESTED
/XtC/XtMainLoop	9	UNTESTED
/XtC/XtNextEvent	1	PASS
/XtC/XtNextEvent	2	PASS
/XtC/XtNextEvent	3	PASS
/XtC/XtNextEvent	4	PASS
/XtC/XtPeekEvent	1	PASS
/XtC/XtPeekEvent	2	UNTESTED
/XtC/XtPeekEvent	3	PASS
/XtC/XtPending	1	PASS
/XtC/XtPending	2	PASS
/XtC/XtProcessEvent	1	PASS
/XtC/XtProcessEvent	10	PASS
/XtC/XtProcessEvent	11	UNTESTED
/XtC/XtProcessEvent	12	UNTESTED
/XtC/XtProcessEvent	2	UNSUPPORTED
/XtC/XtProcessEvent	3	PASS
/XtC/XtProcessEvent	4	PASS
/XtC/XtProcessEvent	5	PASS
/XtC/XtProcessEvent	6	PASS
/XtC/XtProcessEvent	7	PASS
/XtC/XtProcessEvent	8	PASS
/XtC/XtProcessEvent	9	UNTESTED
/XtC/XtSetErrorHandler	1	UNRESOLVED
/XtC/XtSetErrorMsgHandler	1	PASS
/XtC/XtSetSelectionTimeout	1	PASS
/XtC/XtSetWarningHandler	1	PASS
/XtC/XtSetWarningMsgHandler	1	PASS
/XtC/XtStringConversionWarning	1	PASS
/XtC/XtWarning	1	PASS
/XtC/XtWarning	2	UNTESTED
/XtC/XtWarning	3	PASS
/XtC/XtWarningMsg	1	PASS
/XtC/XtWarningMsg	2	PASS
/XtC/XtWarningMsg	3	PASS
/XtE/StringDefs	1	PASS
